ClienteID,Regione,Segmento
685,Nord,Retail
239,Sud,Corporate
2975,Sud,Premium
3349,Centro,Corporate
1971,Centro,Corporate
741,Isole,Retail
4307,Isole,Corporate
476,Nord,Corporate
1976,Isole,Corporate
3605,Sud,Premium
4288,Nord,Corporate
415,Sud,Retail
3977,Sud,Premium
572,Sud,Corporate
2361,Centro,Corporate
4537,Isole,Retail
3336,Nord,Corporate
4190,Sud,Premium
687,Isole,Premium
3101,Nord,Retail
2808,Sud,Retail
2927,Centro,Corporate
180,Centro,Corporate
4008,Sud,Corporate
3251,Nord,Premium
1909,Sud,Premium
3787,Nord,Corporate
1868,Nord,Retail
590,Isole,Premium
49,Sud,Retail
1784,Isole,Corporate
1327,Centro,Retail
2823,Isole,Corporate
4532,Nord,Premium
2145,Nord,Corporate
2675,Nord,Premium
4496,Nord,Retail
3911,Sud,Retail
4485,Centro,Retail
3465,Isole,Premium
816,Centro,Corporate
4122,Sud,Corporate
4252,Nord,Premium
3262,Nord,Corporate
896,Nord,Corporate
1995,Nord,Retail
2955,Nord,Premium
3576,Nord,Retail
2128,Centro,Corporate
367,Centro,Premium
3088,Centro,Premium
1985,Sud,Premium
3711,Centro,Corporate
2777,Centro,Corporate
1447,Centro,Premium
2146,Sud,Retail
2170,Nord,Retail
2853,Centro,Retail
3227,Isole,Retail
1516,Nord,Premium
4205,Centro,Premium
1371,Sud,Retail
3449,Sud,Retail
3647,Sud,Retail
2482,Sud,Premium
865,Centro,Premium
3205,Centro,Premium
1240,Nord,Premium
2398,Centro,Retail
2503,Centro,Corporate
447,Centro,Premium
1875,Sud,Retail
3831,Isole,Premium
921,Isole,Corporate
1827,Isole,Premium
4443,Centro,Premium
3415,Isole,Corporate
4234,Nord,Premium
491,Nord,Premium
4199,Nord,Corporate
2886,Nord,Corporate
2775,Nord,Retail
395,Nord,Retail
1542,Nord,Retail
2506,Nord,Premium
3775,Sud,Corporate
59,Sud,Premium
4024,Isole,Retail
1762,Sud,Retail
3870,Sud,Premium
2915,Sud,Premium
3954,Isole,Retail
981,Centro,Premium
4889,Centro,Premium
796,Centro,Corporate
2233,Nord,Corporate
1301,Isole,Premium
3373,Sud,Retail
4434,Sud,Corporate
120,Sud,Premium
3139,Isole,Premium
3972,Centro,Corporate
1444,Centro,Premium
2075,Sud,Premium
497,Sud,Corporate
2045,Sud,Retail
2067,Nord,Corporate
2496,Sud,Retail
1560,Isole,Retail
2768,Sud,Corporate
2232,Nord,Corporate
576,Isole,Retail
2530,Nord,Retail
2486,Sud,Premium
2556,Sud,Corporate
3883,Isole,Retail
3920,Sud,Retail
4452,Nord,Retail
3069,Isole,Corporate
2631,Isole,Corporate
1945,Centro,Corporate
1966,Centro,Corporate
2970,Centro,Premium
1159,Sud,Retail
2313,Isole,Corporate
2447,Isole,Premium
2073,Nord,Retail
419,Sud,Retail
4164,Nord,Corporate
3651,Isole,Corporate
4793,Centro,Corporate
350,Centro,Retail
74,Sud,Premium
1024,Nord,Premium
4533,Sud,Premium
3162,Centro,Retail
3714,Sud,Corporate
101,Centro,Corporate
4668,Centro,Premium
3640,Sud,Premium
4333,Sud,Premium
4772,Sud,Premium
2060,Isole,Corporate
4646,Nord,Corporate
2767,Isole,Premium
1329,Nord,Retail
2634,Nord,Corporate
4248,Centro,Premium
1938,Centro,Corporate
1366,Isole,Premium
4648,Nord,Retail
2876,Nord,Retail
1409,Nord,Retail
3685,Centro,Retail
231,Nord,Premium
4066,Centro,Premium
3408,Sud,Retail
1487,Isole,Retail
3962,Isole,Premium
3239,Centro,Retail
3722,Centro,Retail
4899,Nord,Corporate
1626,Nord,Corporate
2917,Nord,Premium
236,Nord,Retail
2585,Centro,Corporate
4346,Nord,Retail
4267,Sud,Corporate
224,Sud,Retail
1607,Sud,Retail
694,Nord,Retail
2303,Sud,Premium
3946,Centro,Retail
398,Nord,Retail
4476,Centro,Premium
2431,Isole,Corporate
1873,Sud,Premium
3806,Isole,Corporate
603,Centro,Corporate
2583,Sud,Retail
1304,Isole,Corporate
4699,Centro,Premium
4560,Isole,Corporate
2969,Nord,Premium
1528,Isole,Premium
1433,Centro,Corporate
1723,Nord,Retail
985,Isole,Corporate
92,Isole,Retail
212,Sud,Retail
1639,Sud,Corporate
362,Nord,Corporate
1596,Centro,Corporate
2401,Isole,Corporate
2782,Centro,Retail
2818,Nord,Premium
4783,Sud,Retail
1126,Nord,Corporate
366,Sud,Premium
893,Centro,Corporate
1130,Isole,Premium
4570,Sud,Corporate
2393,Sud,Premium
2697,Isole,Retail
1441,Isole,Premium
903,Nord,Retail
2144,Sud,Retail
3673,Isole,Retail
4749,Centro,Premium
1164,Nord,Premium
2792,Isole,Retail
1665,Centro,Retail
3038,Sud,Corporate
4970,Nord,Corporate
1333,Nord,Retail
3361,Sud,Retail
2959,Centro,Premium
385,Sud,Premium
1470,Centro,Retail
1009,Isole,Retail
4997,Nord,Corporate
1432,Centro,Corporate
1939,Centro,Corporate
1922,Sud,Corporate
3027,Nord,Corporate
1847,Nord,Retail
2708,Isole,Premium
1276,Nord,Retail
2666,Centro,Retail
3068,Sud,Corporate
4771,Nord,Corporate
2595,Centro,Premium
814,Sud,Premium
1874,Centro,Premium
2065,Sud,Premium
2448,Isole,Retail
4496,Nord,Premium
3622,Isole,Retail
4988,Centro,Premium
914,Centro,Premium
3939,Sud,Retail
3894,Isole,Corporate
290,Sud,Retail
2914,Nord,Premium
2621,Sud,Retail
3648,Sud,Premium
4582,Nord,Retail
243,Isole,Premium
2585,Sud,Corporate
4547,Isole,Retail
2676,Isole,Retail
3118,Nord,Retail
1309,Sud,Premium
669,Nord,Retail
79,Nord,Premium
3477,Nord,Premium
1390,Sud,Premium
4356,Nord,Retail
4520,Isole,Premium
965,Isole,Premium
37,Sud,Retail
2692,Isole,Premium
112,Isole,Corporate
107,Nord,Retail
474,Sud,Retail
1125,Centro,Retail
492,Centro,Premium
2580,Sud,Retail
1740,Centro,Premium
3861,Nord,Premium
2842,Nord,Retail
1281,Nord,Retail
753,Centro,Corporate
2172,Sud,Premium
318,Centro,Premium
1770,Isole,Corporate
507,Centro,Retail
4447,Nord,Premium
1523,Isole,Corporate
478,Isole,Corporate
3394,Centro,Premium
1301,Isole,Premium
2695,Centro,Premium
4679,Sud,Retail
1795,Sud,Premium
1283,Isole,Corporate
1867,Nord,Retail
3305,Centro,Retail
4705,Sud,Premium
178,Nord,Retail
3083,Centro,Premium
4273,Sud,Premium
3132,Nord,Corporate
4329,Centro,Retail
1050,Nord,Premium
356,Sud,Corporate
541,Isole,Corporate
3005,Isole,Retail
1809,Sud,Retail
303,Sud,Retail
4875,Sud,Retail
2926,Centro,Retail
2886,Sud,Retail
2104,Sud,Retail
1784,Nord,Corporate
1077,Nord,Premium
1038,Sud,Premium
4515,Isole,Retail
3393,Sud,Corporate
3443,Centro,Corporate
2409,Isole,Premium
1272,Sud,Premium
2141,Sud,Corporate
831,Isole,Corporate
148,Nord,Premium
1448,Centro,Corporate
4887,Sud,Corporate
2741,Isole,Corporate
4796,Centro,Retail
1038,Centro,Retail
3780,Sud,Corporate
408,Isole,Premium
1660,Nord,Premium
2089,Sud,Retail
4589,Sud,Corporate
1225,Isole,Retail
4630,Sud,Premium
3375,Centro,Corporate
3034,Nord,Corporate
1679,Centro,Retail
212,Centro,Corporate
516,Sud,Premium
3592,Isole,Retail
3352,Nord,Corporate
3565,Sud,Corporate
4809,Isole,Corporate
4899,Nord,Corporate
2309,Centro,Corporate
3192,Nord,Retail
3780,Nord,Premium
4882,Centro,Retail
24,Isole,Retail
1398,Centro,Premium
4461,Isole,Premium
2051,Centro,Retail
636,Sud,Corporate
1670,Sud,Retail
2308,Nord,Corporate
1474,Centro,Corporate
3110,Centro,Premium
1136,Isole,Retail
20,Nord,Corporate
276,Nord,Retail
4986,Isole,Corporate
649,Nord,Corporate
4517,Centro,Corporate
4890,Isole,Premium
1092,Centro,Retail
1604,Sud,Retail
2885,Sud,Corporate
3897,Centro,Premium
3147,Nord,Retail
3839,Sud,Premium
2852,Nord,Corporate
555,Sud,Corporate
4022,Sud,Premium
1343,Nord,Retail
2331,Centro,Retail
1099,Isole,Retail
2455,Centro,Premium
2069,Sud,Premium
3007,Sud,Corporate
1058,Centro,Premium
2013,Isole,Corporate
4388,Isole,Retail
2973,Centro,Premium
2238,Nord,Corporate
3638,Sud,Corporate
174,Centro,Premium
748,Isole,Premium
4770,Sud,Retail
867,Isole,Corporate
4896,Isole,Corporate
876,Nord,Corporate
4168,Isole,Retail
1384,Nord,Retail
1593,Nord,Retail
2866,Centro,Premium
420,Isole,Retail
851,Nord,Retail
3615,Sud,Retail
1963,Nord,Retail
1309,Centro,Corporate
4910,Centro,Retail
4442,Centro,Corporate
703,Centro,Retail
323,Isole,Corporate
1605,Nord,Retail
4356,Sud,Corporate
3888,Sud,Retail
2240,Sud,Retail
4272,Isole,Premium
1643,Sud,Corporate
588,Sud,Corporate
1959,Sud,Retail
3551,Centro,Corporate
270,Sud,Premium
2794,Isole,Retail
525,Sud,Premium
4219,Isole,Retail
1000,Isole,Corporate
3330,Nord,Corporate
3563,Isole,Corporate
1269,Centro,Premium
2311,Sud,Corporate
2729,Centro,Premium
4355,Nord,Retail
775,Nord,Retail
3723,Sud,Premium
58,Isole,Retail
3576,Centro,Premium
3518,Isole,Corporate
3318,Sud,Retail
165,Nord,Retail
3810,Sud,Premium
1462,Nord,Premium
4839,Nord,Corporate
3065,Isole,Corporate
1154,Nord,Retail
851,Nord,Corporate
3603,Sud,Retail
1904,Sud,Premium
2258,Centro,Premium
16,Centro,Corporate
3115,Isole,Premium
4575,Sud,Corporate
109,Nord,Premium
2497,Isole,Retail
1802,Nord,Corporate
2129,Isole,Retail
2642,Nord,Corporate
4513,Isole,Premium
3111,Sud,Retail
376,Centro,Retail
462,Isole,Retail
161,Sud,Corporate
3519,Nord,Retail
885,Isole,Premium
405,Isole,Corporate
3121,Centro,Retail
1086,Centro,Retail
721,Centro,Premium
898,Sud,Corporate
947,Sud,Corporate
1582,Isole,Retail
1906,Nord,Corporate
3175,Nord,Retail
1935,Centro,Retail
538,Sud,Retail
865,Centro,Premium
3330,Nord,Retail
2695,Sud,Premium
4331,Sud,Corporate
1885,Centro,Corporate
164,Isole,Corporate
1542,Isole,Premium
3594,Sud,Retail
3664,Sud,Retail
3542,Sud,Corporate
1402,Sud,Retail
630,Sud,Corporate
1165,Sud,Premium
2588,Nord,Corporate
1944,Nord,Corporate
3408,Nord,Premium
273,Sud,Corporate
4013,Sud,Premium
2737,Isole,Premium
2010,Isole,Premium
4005,Sud,Retail
4759,Isole,Premium
3285,Centro,Premium
3971,Isole,Corporate
2623,Sud,Corporate
3338,Centro,Premium
1239,Centro,Retail
3010,Centro,Corporate
582,Sud,Corporate
1983,Isole,Corporate
1466,Nord,Premium
4974,Centro,Retail
4144,Isole,Retail
3452,Isole,Retail
1496,Sud,Premium
4346,Isole,Corporate
2506,Sud,Retail
4434,Nord,Retail
3636,Sud,Premium
4408,Centro,Retail
1486,Sud,Retail
2921,Nord,Corporate
3411,Nord,Retail
2130,Sud,Premium
3163,Nord,Premium
2933,Isole,Premium
4596,Centro,Premium
4564,Centro,Corporate
3093,Nord,Corporate
2471,Nord,Premium
4430,Sud,Retail
4951,Nord,Premium
4722,Sud,Premium
1382,Isole,Retail
3337,Centro,Retail
567,Nord,Corporate
3566,Sud,Corporate
3176,Sud,Retail
4150,Isole,Premium
1468,Centro,Retail
3341,Sud,Retail
1136,Centro,Premium
3654,Isole,Corporate
3065,Isole,Premium
4463,Centro,Corporate
3370,Sud,Premium
3762,Isole,Retail
600,Centro,Corporate
4822,Isole,Premium
4282,Sud,Corporate
3515,Nord,Corporate
365,Centro,Retail
1135,Isole,Retail
1860,Nord,Corporate
4349,Centro,Retail
1396,Sud,Premium
4445,Isole,Retail
3340,Sud,Retail
3912,Isole,Premium
77,Sud,Premium
4280,Centro,Corporate
3618,Nord,Premium
6,Sud,Corporate
1963,Nord,Premium
2794,Isole,Retail
3029,Sud,Corporate
1555,Centro,Retail
1326,Centro,Premium
3337,Sud,Retail
2318,Isole,Corporate
4269,Sud,Premium
2610,Centro,Retail
3073,Isole,Retail
751,Centro,Retail
3965,Nord,Retail
728,Isole,Corporate
2160,Centro,Corporate
4728,Nord,Retail
453,Isole,Retail
2704,Nord,Retail
2186,Nord,Retail
3159,Isole,Premium
3944,Nord,Premium
4584,Centro,Corporate
3920,Sud,Premium
3246,Sud,Premium
1880,Centro,Premium
921,Nord,Corporate
84,Isole,Retail
377,Isole,Corporate
1317,Centro,Retail
10,Sud,Retail
3427,Nord,Premium
3750,Isole,Retail
2241,Isole,Corporate
999,Nord,Corporate
960,Sud,Premium
2094,Isole,Corporate
2692,Centro,Retail
4843,Nord,Corporate
4192,Sud,Premium
3838,Isole,Corporate
231,Nord,Corporate
2808,Isole,Corporate
3407,Nord,Corporate
327,Isole,Corporate
1579,Nord,Retail
642,Isole,Corporate
401,Sud,Retail
1938,Nord,Retail
4636,Isole,Retail
3423,Isole,Retail
425,Centro,Retail
4350,Isole,Premium
2397,Centro,Corporate
4253,Centro,Corporate
3571,Centro,Corporate
2725,Isole,Retail
4620,Isole,Retail
1394,Nord,Premium
37,Nord,Corporate
3222,Isole,Premium
2113,Isole,Premium
3574,Isole,Premium
3768,Isole,Corporate
910,Nord,Corporate
4939,Centro,Premium
2197,Centro,Retail
122,Isole,Corporate
2454,Isole,Premium
2870,Isole,Retail
1301,Centro,Corporate
167,Sud,Premium
521,Isole,Retail
1646,Isole,Premium
88,Sud,Corporate
628,Nord,Corporate
1593,Nord,Corporate
1374,Centro,Retail
3706,Isole,Premium
1056,Isole,Premium
3059,Nord,Retail
4750,Centro,Premium
2513,Centro,Corporate
3290,Centro,Corporate
1001,Sud,Premium
3378,Isole,Premium
155,Isole,Retail
4231,Sud,Corporate
3286,Centro,Retail
1207,Sud,Corporate
121,Nord,Premium
3511,Centro,Retail
1206,Centro,Premium
1881,Centro,Premium
4992,Sud,Retail
1204,Nord,Premium
2412,Sud,Corporate
3086,Sud,Retail
2006,Isole,Corporate
2637,Isole,Retail
103,Nord,Corporate
4082,Nord,Corporate
1774,Centro,Retail
4604,Sud,Premium
241,Nord,Corporate
1889,Nord,Corporate
1192,Isole,Corporate
1985,Sud,Corporate
1538,Nord,Corporate
325,Sud,Corporate
1028,Nord,Corporate
1008,Nord,Corporate
2828,Isole,Corporate
1141,Sud,Premium
2665,Sud,Corporate
4046,Sud,Retail
968,Isole,Retail
3423,Sud,Corporate
1944,Nord,Corporate
2109,Nord,Premium
3249,Isole,Retail
1659,Sud,Premium
3753,Isole,Retail
2244,Nord,Premium
3240,Centro,Premium
87,Isole,Retail
2647,Isole,Retail
3114,Centro,Retail
1292,Isole,Premium
2563,Nord,Retail
1223,Isole,Corporate
598,Nord,Corporate
279,Nord,Premium
4707,Centro,Corporate
2220,Isole,Retail
75,Isole,Premium
4590,Sud,Corporate
4941,Nord,Retail
636,Nord,Corporate
1090,Isole,Premium
4100,Nord,Premium
1092,Isole,Retail
3064,Nord,Retail
373,Sud,Retail
2170,Nord,Corporate
1983,Sud,Corporate
2851,Centro,Corporate
113,Isole,Retail
2899,Isole,Corporate
177,Sud,Premium
3222,Centro,Premium
2613,Centro,Retail
3943,Sud,Corporate
2430,Sud,Corporate
2347,Nord,Corporate
2603,Sud,Corporate
3088,Nord,Retail
292,Centro,Premium
4374,Isole,Corporate
3501,Isole,Retail
4262,Isole,Premium
4850,Isole,Retail
1293,Centro,Premium
2668,Nord,Corporate
2680,Sud,Premium
3496,Nord,Premium
4913,Sud,Premium
372,Sud,Retail
2244,Isole,Corporate
3961,Sud,Retail
1893,Centro,Retail
2508,Isole,Corporate
534,Sud,Retail
1764,Centro,Premium
4922,Sud,Retail
986,Sud,Retail
343,Nord,Retail
462,Isole,Corporate
4494,Isole,Retail
2928,Nord,Premium
1483,Isole,Premium
4436,Centro,Corporate
3503,Isole,Retail
3164,Nord,Premium
3644,Sud,Corporate
4963,Sud,Corporate
577,Centro,Corporate
4722,Isole,Corporate
384,Nord,Corporate
2229,Nord,Corporate
772,Nord,Corporate
1038,Nord,Retail
349,Centro,Corporate
4199,Sud,Premium
3678,Nord,Retail
1721,Isole,Retail
2373,Centro,Retail
2164,Nord,Retail
3713,Nord,Premium
1258,Sud,Corporate
2607,Sud,Corporate
161,Isole,Retail
4838,Isole,Corporate
1308,Sud,Corporate
1927,Sud,Premium
1279,Sud,Corporate
485,Centro,Premium
2658,Sud,Premium
4997,Nord,Corporate
1779,Isole,Premium
520,Centro,Premium
3530,Nord,Corporate
2292,Sud,Premium
1922,Sud,Premium
3805,Nord,Premium
3606,Centro,Retail
3612,Centro,Corporate
4411,Nord,Corporate
1041,Centro,Retail
348,Isole,Retail
3704,Centro,Corporate
4449,Sud,Retail
2293,Nord,Premium
145,Centro,Corporate
3133,Centro,Corporate
4067,Centro,Premium
1736,Isole,Retail
159,Sud,Premium
933,Isole,Retail
4132,Nord,Premium
206,Sud,Retail
3234,Sud,Retail
4703,Sud,Retail
644,Isole,Premium
4190,Sud,Retail
3172,Nord,Premium
319,Isole,Retail
530,Sud,Corporate
2947,Nord,Premium
2865,Isole,Premium
720,Centro,Retail
3002,Centro,Corporate
3270,Centro,Corporate
2342,Sud,Premium
1207,Sud,Retail
2912,Isole,Premium
2756,Sud,Retail
3138,Sud,Retail
2557,Centro,Premium
2345,Centro,Premium
1499,Centro,Premium
4393,Centro,Premium
4495,Centro,Premium
164,Isole,Premium
1190,Sud,Corporate
468,Centro,Retail
162,Centro,Premium
1094,Centro,Corporate
3534,Centro,Corporate
3201,Nord,Premium
3999,Centro,Premium
1478,Isole,Premium
4142,Nord,Retail
936,Isole,Corporate
3337,Centro,Corporate
3035,Centro,Corporate
2070,Sud,Corporate
3998,Sud,Corporate
2438,Centro,Retail
1372,Isole,Premium
1299,Nord,Corporate
75,Isole,Retail
1243,Centro,Corporate
3776,Sud,Premium
4599,Centro,Premium
378,Sud,Retail
4563,Sud,Premium
4184,Sud,Corporate
4872,Centro,Premium
951,Isole,Corporate
1681,Sud,Corporate
4518,Sud,Corporate
2351,Centro,Corporate
4306,Nord,Premium
1537,Isole,Retail
1452,Centro,Corporate
1410,Isole,Corporate
1604,Sud,Corporate
95,Centro,Retail
1316,Nord,Premium
1385,Sud,Retail
2637,Nord,Retail
3974,Nord,Corporate
2892,Nord,Corporate
2277,Isole,Premium
2594,Nord,Premium
1038,Centro,Premium
4347,Nord,Premium
2895,Isole,Corporate
3980,Centro,Retail
2671,Sud,Premium
2370,Nord,Premium
1762,Nord,Corporate
4520,Sud,Premium
2491,Nord,Retail
2039,Centro,Retail
4301,Sud,Retail
3198,Centro,Corporate
2656,Centro,Retail
1622,Isole,Retail
1995,Isole,Retail
4665,Isole,Premium
1085,Centro,Corporate
4005,Centro,Retail
601,Centro,Corporate
3974,Nord,Retail
2845,Isole,Premium
2774,Nord,Retail
3237,Sud,Corporate
1751,Sud,Retail
572,Centro,Corporate
2454,Centro,Retail
3185,Nord,Retail
4324,Isole,Retail
4463,Centro,Corporate
3693,Sud,Corporate
2825,Sud,Retail
3716,Nord,Corporate
2298,Nord,Corporate
1405,Nord,Corporate
2819,Centro,Corporate
1279,Centro,Corporate
591,Centro,Premium
1206,Nord,Premium
1803,Sud,Premium
4240,Nord,Premium
3532,Sud,Premium
1429,Sud,Premium
519,Nord,Corporate
4064,Sud,Corporate
2416,Isole,Corporate
3599,Isole,Retail
4527,Centro,Retail
2840,Centro,Premium
2174,Isole,Corporate
1242,Nord,Premium
4959,Isole,Premium
2525,Sud,Corporate
3437,Nord,Retail
1960,Isole,Premium
623,Nord,Retail
3875,Centro,Premium
4000,Isole,Corporate
3585,Sud,Premium
1848,Sud,Corporate
1339,Sud,Retail
142,Nord,Retail
908,Nord,Premium
3966,Sud,Retail
389,Isole,Corporate
4917,Nord,Corporate
4595,Isole,Retail
3067,Isole,Corporate
83,Centro,Premium
3713,Centro,Retail
3773,Centro,Corporate
16,Isole,Premium
2055,Isole,Retail
4760,Centro,Premium
3704,Centro,Corporate
463,Centro,Premium
1289,Isole,Premium
4976,Centro,Premium
921,Isole,Premium
1464,Nord,Retail
2996,Nord,Premium
4952,Isole,Retail
3185,Centro,Retail
3747,Nord,Corporate
1673,Nord,Premium
4707,Centro,Retail
3485,Nord,Corporate
2440,Nord,Retail
407,Isole,Corporate
765,Nord,Retail
4747,Sud,Premium
259,Sud,Premium
540,Nord,Corporate
3159,Sud,Corporate
1304,Sud,Retail
1369,Centro,Retail
4162,Centro,Corporate
3938,Centro,Corporate
4133,Nord,Retail
3594,Isole,Corporate
1523,Sud,Retail
1814,Isole,Retail
2467,Isole,Corporate
3524,Nord,Premium
275,Sud,Corporate
4159,Isole,Retail
4388,Centro,Retail
4647,Isole,Corporate
4469,Sud,Premium
712,Isole,Retail
3577,Isole,Corporate
4550,Isole,Retail
4630,Nord,Premium
4894,Sud,Premium
395,Nord,Retail
3079,Sud,Corporate
3874,Nord,Corporate
4357,Isole,Premium
2928,Isole,Corporate
4340,Nord,Corporate
2970,Nord,Corporate
3208,Nord,Premium
3210,Isole,Retail
2495,Isole,Premium
2304,Isole,Premium
3424,Centro,Retail
4649,Isole,Corporate
4504,Sud,Corporate
1630,Nord,Premium
3876,Centro,Retail
3383,Sud,Premium
2891,Nord,Retail
3492,Centro,Premium
4612,Centro,Corporate
2682,Sud,Retail
2397,Isole,Retail
1433,Centro,Premium
4864,Isole,Corporate
2109,Nord,Retail
4721,Centro,Retail
3240,Sud,Corporate
573,Isole,Retail
4688,Sud,Premium
489,Sud,Premium
203,Isole,Retail
4104,Isole,Premium
4394,Isole,Premium
2680,Nord,Premium
3594,Isole,Corporate
1400,Isole,Corporate
2346,Nord,Premium
2991,Nord,Retail
330,Centro,Premium
715,Isole,Corporate
4310,Isole,Retail
553,Isole,Premium
2528,Nord,Premium
4032,Sud,Corporate
3848,Sud,Premium
3948,Centro,Retail
3381,Sud,Retail
3618,Nord,Retail
2225,Isole,Premium
3593,Nord,Retail
3817,Sud,Premium
1988,Centro,Premium
1177,Centro,Corporate
3942,Centro,Corporate
2413,Isole,Corporate
4043,Isole,Corporate
224,Sud,Corporate
3561,Isole,Corporate
1773,Sud,Premium
1868,Isole,Premium
530,Sud,Corporate
2556,Sud,Corporate
2452,Centro,Premium
4456,Nord,Premium
3465,Isole,Premium
1523,Centro,Retail
3582,Centro,Premium
3447,Centro,Premium
1553,Centro,Retail
4798,Sud,Corporate
2378,Sud,Corporate
4864,Isole,Corporate
3331,Isole,Retail
2507,Nord,Premium
2871,Centro,Retail
2723,Sud,Premium
1300,Sud,Premium
4807,Nord,Premium
4019,Sud,Premium
493,Isole,Retail
2949,Sud,Retail
4815,Sud,Premium
2795,Isole,Premium
4931,Isole,Premium
3202,Sud,Premium
3695,Centro,Corporate
3839,Centro,Premium
1198,Isole,Corporate
3886,Nord,Retail
557,Centro,Premium
4208,Sud,Premium
2513,Nord,Premium
903,Nord,Retail
3908,Nord,Premium
797,Sud,Corporate
939,Isole,Corporate
1697,Nord,Premium
4687,Isole,Premium
4358,Centro,Retail
1081,Centro,Retail
1736,Centro,Corporate
261,Isole,Premium
4273,Sud,Premium
1140,Sud,Retail
4624,Sud,Corporate
3850,Isole,Corporate
835,Isole,Corporate
3782,Isole,Retail
1111,Isole,Corporate
2094,Centro,Corporate
2125,Nord,Retail
3876,Sud,Corporate
991,Centro,Corporate
70,Isole,Premium
260,Sud,Corporate
771,Sud,Corporate
2945,Nord,Corporate
3575,Nord,Premium
1367,Sud,Corporate
1066,Sud,Corporate
1546,Nord,Premium
3293,Isole,Retail
2919,Sud,Corporate
2274,Nord,Corporate
4479,Centro,Retail
3818,Nord,Retail
2228,Sud,Premium
2418,Nord,Corporate
3181,Isole,Premium
4779,Isole,Retail
2383,Centro,Retail
941,Centro,Premium
4239,Sud,Retail
3553,Isole,Retail
4620,Centro,Premium
2232,Nord,Premium
3939,Sud,Corporate
2399,Isole,Premium
3298,Isole,Premium
3659,Centro,Premium
2915,Sud,Premium
962,Centro,Retail
945,Centro,Corporate
2212,Isole,Corporate
4391,Centro,Corporate
1906,Isole,Retail
2059,Nord,Retail
3967,Isole,Corporate
74,Nord,Retail
3572,Nord,Premium
350,Sud,Premium
2774,Isole,Premium
2591,Isole,Corporate
4927,Isole,Corporate
4443,Sud,Retail
2553,Isole,Premium
1288,Centro,Premium
2143,Isole,Premium
2318,Centro,Retail
4770,Centro,Corporate
286,Isole,Retail
3920,Nord,Premium
3279,Isole,Retail
1089,Sud,Corporate
4122,Isole,Corporate
3289,Centro,Retail
2627,Isole,Premium
4443,Centro,Retail
4555,Isole,Corporate
1910,Sud,Corporate
1444,Isole,Premium
2027,Sud,Retail
3748,Nord,Retail
494,Centro,Retail
4560,Nord,Retail
3386,Sud,Retail
1832,Nord,Retail
3826,Sud,Corporate
220,Isole,Corporate
1050,Sud,Premium
4213,Centro,Retail
4106,Centro,Corporate
1152,Centro,Corporate
3877,Centro,Retail
2796,Sud,Retail
339,Sud,Premium
2595,Sud,Premium
1591,Isole,Corporate
2718,Isole,Premium
3662,Nord,Corporate
2811,Nord,Premium
4152,Sud,Corporate
1569,Isole,Premium
78,Sud,Premium
169,Centro,Retail
1386,Nord,Corporate
4843,Isole,Retail
1861,Isole,Corporate
586,Centro,Premium
941,Centro,Retail
1766,Isole,Corporate
1891,Centro,Corporate
2550,Isole,Premium
1144,Nord,Premium
4092,Nord,Retail
3825,Isole,Corporate
1437,Sud,Premium
3350,Isole,Retail
2496,Centro,Retail
2983,Sud,Premium
1210,Centro,Corporate
3645,Isole,Corporate
3501,Sud,Retail
565,Sud,Retail
1800,Isole,Corporate
1655,Isole,Retail
4931,Centro,Corporate
284,Nord,Retail
230,Isole,Premium
434,Nord,Retail
1854,Isole,Premium
3828,Sud,Corporate
280,Nord,Corporate
2094,Isole,Corporate
3945,Isole,Retail
4871,Centro,Retail
4651,Nord,Retail
1649,Sud,Corporate
4691,Sud,Premium
239,Centro,Corporate
3265,Sud,Corporate
4544,Sud,Retail
4352,Sud,Retail
2428,Nord,Retail
49,Nord,Premium
1538,Nord,Corporate
49,Centro,Corporate
3587,Nord,Premium
4525,Sud,Retail
3846,Nord,Corporate
22,Sud,Retail
1316,Sud,Corporate
1527,Nord,Retail
1691,Sud,Retail
4939,Sud,Premium
4422,Isole,Corporate
2904,Isole,Corporate
3927,Nord,Retail
1124,Sud,Retail
1358,Sud,Corporate
1308,Nord,Corporate
2521,Isole,Premium
290,Centro,Corporate
747,Centro,Corporate
1767,Isole,Premium
3601,Centro,Corporate
1108,Isole,Corporate
3945,Nord,Corporate
581,Sud,Premium
4797,Centro,Premium
3564,Isole,Corporate
874,Nord,Corporate
3574,Centro,Retail
13,Sud,Corporate
2804,Sud,Retail
1763,Isole,Premium
1619,Centro,Corporate
2905,Sud,Corporate
4540,Isole,Corporate
1375,Centro,Retail
896,Centro,Premium
1501,Sud,Corporate
2344,Isole,Corporate
2264,Nord,Corporate
528,Nord,Premium
3881,Nord,Premium
1807,Centro,Premium
363,Isole,Corporate
2619,Sud,Corporate
4036,Nord,Premium
3858,Sud,Premium
2079,Nord,Retail
55,Nord,Corporate
3943,Isole,Premium
656,Centro,Retail
370,Isole,Corporate
3315,Centro,Premium
2138,Centro,Corporate
2856,Sud,Premium
3762,Centro,Retail
323,Isole,Premium
963,Sud,Corporate
4246,Sud,Retail
3908,Centro,Premium
2187,Nord,Corporate
4155,Centro,Retail
1339,Nord,Retail
2443,Centro,Retail
3396,Nord,Corporate
1376,Sud,Corporate
2370,Nord,Corporate
3154,Sud,Retail
1302,Nord,Retail
967,Isole,Retail
2178,Centro,Retail
2795,Centro,Corporate
3996,Sud,Retail
1120,Centro,Corporate
136,Nord,Corporate
2917,Sud,Corporate
2662,Nord,Retail
1451,Nord,Corporate
2401,Isole,Corporate
4972,Sud,Retail
2352,Centro,Retail
1614,Isole,Retail
4130,Isole,Premium
4408,Sud,Corporate
2738,Sud,Premium
269,Centro,Retail
807,Sud,Premium
3500,Centro,Corporate
4370,Isole,Retail
2027,Isole,Premium
1542,Isole,Corporate
4579,Isole,Corporate
2784,Nord,Premium
4464,Isole,Corporate
257,Sud,Premium
1984,Sud,Corporate
4897,Centro,Premium
753,Centro,Corporate
18,Nord,Retail
95,Sud,Premium
3246,Isole,Retail
731,Nord,Premium
4326,Centro,Retail
2394,Nord,Premium
4172,Sud,Corporate
2060,Nord,Premium
4992,Nord,Premium
4012,Sud,Corporate
2763,Isole,Retail
1114,Sud,Corporate
1207,Isole,Retail
2806,Sud,Premium
3949,Nord,Retail
2452,Nord,Premium
4384,Nord,Corporate
1858,Isole,Premium
2794,Sud,Retail
3527,Isole,Premium
4574,Centro,Corporate
3309,Nord,Retail
2496,Sud,Premium
1721,Nord,Retail
2940,Isole,Retail
2462,Isole,Retail
1031,Sud,Corporate
422,Sud,Retail
4574,Nord,Premium
3378,Sud,Premium
1480,Nord,Corporate
413,Sud,Retail
876,Sud,Retail
844,Isole,Premium
4992,Isole,Premium
2546,Sud,Corporate
2352,Sud,Premium
2886,Sud,Corporate
2948,Isole,Retail
933,Nord,Premium
18,Centro,Retail
361,Nord,Premium
4398,Centro,Corporate
63,Isole,Corporate
478,Sud,Corporate
461,Isole,Premium
469,Centro,Premium
2274,Nord,Retail
1040,Centro,Corporate
3955,Nord,Retail
4360,Nord,Premium
1298,Sud,Corporate
4884,Isole,Premium
1092,Isole,Retail
4734,Isole,Retail
3786,Centro,Premium
114,Isole,Corporate
1326,Isole,Premium
3858,Sud,Corporate
3151,Centro,Premium
4718,Isole,Corporate
4865,Sud,Retail
426,Isole,Corporate
346,Nord,Premium
143,Nord,Corporate
5000,Isole,Premium
3952,Nord,Corporate
3088,Isole,Retail
4977,Isole,Corporate
4035,Sud,Premium
4855,Centro,Corporate
1707,Sud,Corporate
1297,Centro,Corporate
4245,Isole,Premium
1346,Nord,Corporate
2413,Sud,Retail
3374,Centro,Premium
950,Centro,Premium
2943,Isole,Retail
206,Centro,Premium
1320,Sud,Corporate
943,Sud,Corporate
297,Nord,Retail
2517,Nord,Retail
3866,Centro,Premium
2882,Sud,Premium
134,Sud,Corporate
1504,Sud,Premium
3439,Sud,Corporate
3800,Nord,Premium
3250,Isole,Corporate
2671,Centro,Premium
3299,Centro,Corporate
693,Isole,Retail
4445,Centro,Retail
4739,Sud,Corporate
2363,Nord,Corporate
4410,Sud,Premium
1352,Sud,Corporate
4939,Isole,Corporate
4161,Centro,Retail
56,Nord,Retail
332,Centro,Corporate
187,Nord,Premium
46,Centro,Corporate
3598,Centro,Retail
1412,Isole,Retail
940,Centro,Retail
829,Sud,Retail
4458,Nord,Corporate
1832,Isole,Corporate
1813,Sud,Retail
563,Isole,Corporate
1007,Sud,Corporate
4550,Nord,Retail
4475,Centro,Premium
4801,Nord,Corporate
3090,Isole,Retail
1578,Sud,Corporate
411,Isole,Corporate
3082,Isole,Corporate
4210,Centro,Retail
952,Centro,Corporate
3829,Centro,Corporate
2093,Nord,Premium
2789,Centro,Premium
4006,Isole,Premium
2360,Nord,Retail
2757,Nord,Retail
2809,Sud,Corporate
1750,Isole,Corporate
1874,Nord,Retail
4625,Nord,Retail
2885,Isole,Premium
3578,Sud,Premium
3056,Sud,Premium
741,Sud,Premium
1819,Sud,Corporate
1523,Nord,Corporate
1517,Isole,Premium
3576,Centro,Premium
4102,Isole,Retail
3027,Sud,Corporate
3127,Isole,Retail
785,Sud,Premium
4739,Isole,Retail
1524,Sud,Retail
1111,Nord,Retail
4751,Sud,Retail
119,Isole,Premium
4934,Centro,Premium
2682,Nord,Retail
4087,Centro,Corporate
2839,Isole,Retail
4683,Isole,Retail
4691,Centro,Premium
1012,Centro,Premium
1150,Isole,Premium
3530,Nord,Retail
2657,Centro,Retail
2485,Isole,Corporate
2221,Centro,Premium
1402,Isole,Premium
4851,Nord,Corporate
4325,Nord,Retail
1731,Centro,Retail
3402,Nord,Corporate
2699,Isole,Retail
3355,Isole,Premium
204,Isole,Premium
4228,Isole,Premium
4078,Sud,Corporate
3466,Isole,Premium
159,Sud,Corporate
4358,Isole,Premium
1034,Centro,Premium
3023,Sud,Retail
298,Sud,Corporate
418,Isole,Premium
2909,Sud,Corporate
4214,Centro,Premium
36,Centro,Retail
2209,Sud,Corporate
4088,Sud,Corporate
4380,Nord,Corporate
1711,Centro,Retail
4705,Nord,Retail
4433,Nord,Retail
1463,Isole,Premium
2996,Isole,Corporate
4681,Sud,Premium
595,Sud,Premium
1602,Isole,Corporate
2841,Nord,Premium
4718,Isole,Retail
377,Isole,Corporate
1764,Sud,Retail
1843,Isole,Premium
2574,Centro,Premium
260,Sud,Premium
1034,Isole,Premium
2880,Sud,Premium
4010,Isole,Retail
1299,Isole,Corporate
1044,Sud,Corporate
885,Nord,Corporate
3427,Sud,Corporate
2617,Nord,Corporate
2477,Sud,Corporate
1358,Nord,Retail
1218,Centro,Premium
4027,Sud,Corporate
500,Isole,Corporate
4976,Isole,Premium
248,Centro,Corporate
2926,Centro,Premium
1120,Centro,Retail
1819,Sud,Premium
144,Centro,Corporate
4158,Centro,Corporate
2001,Isole,Corporate
3712,Sud,Corporate
690,Sud,Corporate
4996,Sud,Corporate
4637,Nord,Premium
3869,Nord,Retail
780,Isole,Retail
4353,Centro,Corporate
4827,Isole,Premium
4330,Sud,Corporate
3882,Sud,Corporate
1484,Sud,Corporate
2680,Sud,Corporate
3351,Centro,Retail
1245,Centro,Premium
3726,Nord,Corporate
4424,Nord,Premium
1073,Centro,Retail
1260,Centro,Retail
2422,Centro,Retail
1917,Sud,Corporate
2006,Nord,Premium
2101,Sud,Retail
3359,Sud,Corporate
3211,Sud,Corporate
2800,Centro,Corporate
3315,Centro,Retail
4320,Isole,Premium
1666,Sud,Retail
3656,Isole,Retail
578,Isole,Retail
3060,Centro,Corporate
3076,Sud,Retail
4813,Centro,Corporate
828,Sud,Retail
154,Nord,Premium
3943,Centro,Retail
112,Nord,Retail
4453,Sud,Corporate
4048,Sud,Retail
1206,Nord,Corporate
92,Nord,Corporate
4500,Isole,Premium
275,Nord,Retail
3297,Centro,Premium
1886,Centro,Premium
2093,Isole,Premium
608,Sud,Premium
2799,Isole,Premium
889,Isole,Premium
1692,Centro,Retail
1429,Centro,Corporate
1082,Sud,Corporate
1911,Sud,Premium
861,Centro,Premium
3773,Centro,Premium
52,Sud,Premium
4395,Centro,Premium
4547,Nord,Retail
2446,Nord,Corporate
597,Sud,Corporate
4476,Sud,Premium
1677,Sud,Retail
212,Sud,Retail
3902,Centro,Retail
1570,Nord,Corporate
4776,Nord,Premium
3573,Sud,Retail
2655,Isole,Retail
1699,Isole,Premium
4690,Nord,Corporate
703,Sud,Premium
8,Sud,Retail
724,Nord,Premium
2156,Centro,Retail
2018,Centro,Corporate
4256,Centro,Retail
4013,Sud,Premium
4218,Sud,Corporate
1328,Isole,Premium
3362,Sud,Premium
3330,Nord,Retail
3565,Nord,Corporate
2239,Isole,Corporate
4666,Centro,Retail
2246,Centro,Premium
4531,Isole,Corporate
2092,Isole,Corporate
2952,Nord,Retail
1956,Sud,Retail
3582,Centro,Premium
4573,Sud,Corporate
2141,Nord,Retail
4133,Sud,Premium
1226,Isole,Retail
3597,Centro,Retail
3966,Sud,Premium
4164,Centro,Premium
2635,Centro,Retail
899,Isole,Retail
3454,Centro,Retail
2992,Isole,Premium
3332,Centro,Corporate
4009,Sud,Retail
3024,Sud,Corporate
3404,Isole,Corporate
2822,Centro,Premium
2037,Nord,Corporate
3513,Isole,Retail
4154,Isole,Premium
4113,Centro,Retail
4404,Centro,Corporate
2026,Sud,Corporate
278,Sud,Premium
3668,Sud,Premium
2550,Nord,Retail
3785,Nord,Corporate
766,Centro,Corporate
1975,Isole,Retail
1522,Isole,Premium
435,Isole,Premium
704,Isole,Premium
3260,Nord,Corporate
1413,Isole,Retail
2778,Nord,Retail
4943,Nord,Retail
2754,Centro,Corporate
41,Sud,Premium
3445,Nord,Corporate
1542,Sud,Retail
3701,Isole,Premium
248,Isole,Premium
768,Nord,Premium
2188,Sud,Retail
1758,Isole,Premium
3233,Nord,Premium
3928,Isole,Retail
4927,Sud,Premium
4370,Sud,Premium
538,Sud,Corporate
2310,Nord,Retail
2218,Centro,Premium
3225,Sud,Corporate
778,Sud,Premium
643,Nord,Premium
3682,Sud,Corporate
295,Sud,Retail
4643,Centro,Retail
3873,Nord,Premium
3526,Centro,Premium
1269,Isole,Premium
1116,Isole,Premium
3106,Centro,Corporate
3318,Centro,Retail
3512,Centro,Corporate
755,Nord,Corporate
3795,Sud,Premium
4724,Centro,Retail
483,Centro,Corporate
1396,Nord,Corporate
1692,Sud,Premium
784,Nord,Premium
3296,Sud,Premium
19,Isole,Corporate
3192,Isole,Corporate
3476,Sud,Corporate
3987,Centro,Premium
2899,Centro,Premium
1471,Sud,Retail
2435,Isole,Retail
4547,Sud,Premium
363,Centro,Premium
1742,Isole,Premium
1271,Isole,Retail
1786,Nord,Retail
1698,Centro,Retail
3653,Isole,Premium
4550,Sud,Corporate
3599,Isole,Retail
2219,Nord,Retail
3358,Isole,Corporate
3211,Centro,Retail
3191,Nord,Corporate
3893,Nord,Premium
2545,Sud,Corporate
1748,Sud,Corporate
4040,Centro,Premium
4982,Centro,Retail
2080,Sud,Premium
4344,Sud,Premium
917,Sud,Retail
3419,Centro,Premium
3902,Sud,Premium
4590,Nord,Retail
2022,Sud,Retail
1385,Nord,Premium
1926,Isole,Retail
1658,Nord,Premium
2045,Sud,Corporate
2382,Nord,Premium
2422,Sud,Premium
2581,Nord,Corporate
3365,Sud,Corporate
4668,Isole,Retail
802,Sud,Premium
2506,Nord,Corporate
3979,Nord,Premium
3468,Isole,Premium
1617,Nord,Premium
3644,Isole,Premium
2278,Isole,Retail
4302,Centro,Premium
664,Centro,Premium
39,Centro,Retail
4057,Sud,Corporate
1593,Sud,Corporate
1943,Sud,Premium
2861,Nord,Retail
1296,Nord,Premium
2160,Isole,Retail
1031,Isole,Corporate
4726,Centro,Corporate
3198,Centro,Corporate
4371,Sud,Corporate
1890,Sud,Retail
1811,Nord,Premium
987,Centro,Retail
2064,Isole,Corporate
964,Nord,Retail
405,Centro,Retail
2294,Centro,Corporate
3401,Isole,Premium
4733,Isole,Corporate
2391,Centro,Retail
4185,Centro,Corporate
2554,Sud,Retail
2874,Sud,Corporate
3329,Isole,Corporate
3433,Isole,Corporate
1369,Nord,Premium
3254,Sud,Corporate
1053,Isole,Premium
2645,Sud,Retail
914,Sud,Corporate
4578,Sud,Corporate
1611,Isole,Premium
456,Isole,Corporate
1577,Centro,Corporate
2972,Nord,Premium
2654,Isole,Premium
2026,Centro,Retail
1783,Sud,Corporate
2298,Centro,Retail
1,Centro,Retail
2491,Sud,Retail
1566,Isole,Premium
3101,Sud,Retail
3170,Centro,Premium
668,Nord,Retail
4749,Nord,Retail
4345,Isole,Premium
2490,Isole,Retail
1390,Centro,Premium
1304,Sud,Premium
3541,Sud,Premium
3459,Isole,Premium
3493,Sud,Corporate
246,Sud,Retail
3005,Nord,Retail
60,Centro,Premium
2231,Isole,Retail
2036,Isole,Premium
1771,Sud,Retail
274,Sud,Premium
574,Nord,Corporate
3483,Sud,Corporate
4508,Isole,Retail
4964,Centro,Premium
2286,Centro,Retail
106,Centro,Retail
913,Isole,Retail
902,Centro,Corporate
4546,Nord,Corporate
2632,Centro,Premium
923,Centro,Premium
3322,Isole,Retail
2913,Sud,Premium
3789,Centro,Corporate
3400,Sud,Retail
398,Sud,Corporate
273,Sud,Corporate
344,Centro,Retail
2777,Nord,Premium
1079,Centro,Premium
4804,Nord,Premium
1098,Centro,Retail
499,Nord,Retail
3308,Nord,Corporate
79,Nord,Premium
2949,Centro,Premium
2346,Sud,Corporate
4896,Nord,Retail
1578,Sud,Corporate
1429,Nord,Retail
1624,Nord,Premium
2329,Nord,Premium
1993,Centro,Corporate
4571,Sud,Premium
4949,Centro,Corporate
2835,Sud,Corporate
4887,Isole,Retail
1085,Centro,Corporate
3031,Sud,Premium
38,Sud,Corporate
134,Centro,Premium
2397,Nord,Premium
2127,Sud,Retail
2101,Isole,Retail
4667,Centro,Premium
2352,Centro,Premium
3999,Sud,Retail
2058,Centro,Retail
2563,Nord,Corporate
1889,Nord,Retail
3242,Nord,Corporate
2225,Sud,Premium
703,Centro,Retail
2040,Sud,Corporate
2054,Nord,Premium
3,Nord,Corporate
2140,Nord,Premium
1656,Isole,Retail
401,Sud,Retail
2414,Sud,Retail
3438,Centro,Premium
2886,Centro,Retail
1251,Nord,Retail
3887,Isole,Premium
1394,Sud,Corporate
2988,Nord,Premium
3629,Isole,Premium
1735,Sud,Premium
4285,Isole,Retail
4791,Isole,Retail
3008,Isole,Corporate
1358,Nord,Retail
3681,Isole,Retail
4113,Sud,Retail
4235,Centro,Corporate
1110,Sud,Corporate
4638,Sud,Corporate
2902,Centro,Retail
4878,Isole,Corporate
1019,Centro,Retail
2024,Sud,Corporate
3506,Isole,Premium
6,Centro,Corporate
1846,Centro,Retail
3908,Centro,Premium
3449,Sud,Premium
2615,Nord,Premium
424,Centro,Retail
1318,Isole,Corporate
4087,Sud,Retail
3162,Centro,Premium
1986,Sud,Premium
3431,Isole,Premium
4062,Sud,Premium
2874,Sud,Premium
782,Nord,Premium
4707,Isole,Corporate
921,Sud,Retail
1978,Centro,Premium
4705,Isole,Retail
3225,Isole,Corporate
4617,Sud,Corporate
4717,Nord,Premium
4257,Nord,Premium
1452,Centro,Premium
137,Sud,Premium
1197,Isole,Retail
4066,Centro,Premium
4480,Isole,Premium
487,Centro,Corporate
2781,Sud,Retail
196,Nord,Premium
463,Nord,Corporate
1678,Sud,Premium
3143,Isole,Corporate
2066,Nord,Retail
4053,Sud,Retail
3235,Nord,Premium
2045,Sud,Premium
1048,Isole,Retail
3012,Centro,Retail
1454,Nord,Retail
305,Centro,Premium
1523,Sud,Premium
1753,Sud,Corporate
2905,Centro,Retail
3054,Isole,Premium
2704,Centro,Premium
3104,Sud,Retail
4852,Isole,Corporate
1982,Centro,Corporate
4112,Nord,Premium
397,Sud,Retail
3092,Centro,Premium
2475,Nord,Premium
3193,Nord,Premium
311,Sud,Premium
1568,Nord,Retail
2388,Isole,Corporate
2941,Centro,Retail
4435,Isole,Retail
3930,Centro,Corporate
274,Sud,Retail
3341,Nord,Retail
305,Nord,Premium
4437,Nord,Corporate
3640,Nord,Premium
210,Sud,Premium
4646,Isole,Retail
4481,Centro,Retail
308,Centro,Corporate
1284,Sud,Retail
2770,Nord,Premium
4497,Sud,Corporate
230,Centro,Retail
4637,Nord,Corporate
3070,Centro,Corporate
2289,Centro,Retail
1782,Sud,Premium
3229,Sud,Retail
3070,Isole,Corporate
769,Sud,Retail
3250,Sud,Retail
4038,Centro,Retail
4962,Isole,Corporate
4999,Centro,Premium
3723,Centro,Retail
2454,Nord,Corporate
1892,Nord,Premium
239,Isole,Corporate
502,Isole,Retail
3348,Centro,Premium
1679,Isole,Corporate
4258,Nord,Retail
1484,Nord,Premium
3251,Isole,Premium
1105,Centro,Corporate
4810,Centro,Premium
1610,Centro,Premium
855,Isole,Retail
4045,Sud,Retail
482,Isole,Premium
4709,Sud,Premium
1146,Centro,Retail
2421,Sud,Premium
4946,Sud,Corporate
4711,Sud,Corporate
1136,Centro,Premium
2467,Isole,Premium
4503,Nord,Premium
4999,Nord,Corporate
228,Isole,Premium
2892,Nord,Retail
2754,Isole,Corporate
3371,Nord,Premium
2353,Nord,Premium
4425,Centro,Corporate
541,Isole,Corporate
4427,Nord,Corporate
3523,Sud,Retail
4741,Nord,Retail
2826,Isole,Retail
2024,Nord,Retail
3761,Sud,Retail
2419,Centro,Corporate
2310,Nord,Retail
713,Centro,Retail
468,Nord,Corporate
1927,Sud,Retail
3952,Nord,Premium
4409,Sud,Corporate
3182,Isole,Retail
3798,Centro,Retail
1162,Nord,Retail
3139,Nord,Retail
4668,Sud,Retail
3170,Sud,Corporate
1214,Centro,Premium
2010,Nord,Premium
639,Centro,Premium
2100,Nord,Premium
4740,Nord,Retail
2992,Nord,Corporate
4834,Centro,Premium
156,Centro,Corporate
4329,Isole,Corporate
3894,Centro,Premium
3370,Isole,Corporate
2456,Nord,Retail
2483,Nord,Premium
4295,Nord,Premium
963,Nord,Corporate
926,Isole,Corporate
1643,Sud,Corporate
681,Isole,Corporate
4665,Centro,Corporate
2940,Centro,Retail
357,Isole,Retail
2030,Centro,Corporate
902,Centro,Premium
3476,Nord,Premium
2207,Sud,Corporate
11,Isole,Retail
4871,Centro,Retail
2573,Nord,Corporate
190,Nord,Premium
3423,Nord,Premium
1575,Centro,Corporate
1143,Sud,Corporate
3167,Isole,Premium
4431,Centro,Retail
2207,Sud,Retail
3054,Isole,Retail
3921,Nord,Corporate
4581,Isole,Corporate
2613,Centro,Retail
3834,Isole,Premium
2535,Sud,Corporate
1668,Isole,Retail
3614,Isole,Premium
1202,Sud,Retail
1685,Nord,Retail
1448,Nord,Premium
589,Isole,Premium
349,Nord,Premium
520,Nord,Retail
3055,Nord,Premium
3993,Nord,Premium
3246,Sud,Corporate
2558,Sud,Premium
2420,Isole,Retail
1570,Isole,Premium
3255,Isole,Corporate
126,Nord,Premium
3092,Sud,Retail
423,Sud,Corporate
251,Nord,Premium
4639,Centro,Retail
2601,Centro,Corporate
2760,Nord,Premium
1953,Nord,Corporate
2614,Centro,Retail
2754,Sud,Retail
2288,Isole,Premium
1991,Centro,Retail
2246,Centro,Premium
385,Isole,Retail
3914,Isole,Retail
3890,Nord,Retail
3368,Nord,Premium
247,Nord,Retail
1040,Isole,Corporate
1510,Isole,Corporate
3316,Sud,Corporate
2019,Centro,Corporate
3595,Sud,Retail
4500,Centro,Corporate
2274,Isole,Retail
2389,Centro,Premium
2446,Isole,Corporate
1949,Isole,Premium
2548,Nord,Premium
2417,Centro,Corporate
1162,Nord,Corporate
1203,Sud,Corporate
1021,Nord,Retail
194,Centro,Premium
2334,Isole,Retail
1152,Centro,Retail
795,Centro,Corporate
4862,Centro,Retail
4070,Nord,Corporate
3115,Nord,Retail
2176,Isole,Corporate
365,Isole,Corporate
4190,Centro,Retail
611,Nord,Retail
1306,Centro,Corporate
1284,Centro,Retail
2446,Sud,Retail
4346,Nord,Corporate
1890,Centro,Premium
365,Sud,Corporate
4597,Centro,Retail
1803,Sud,Premium
2180,Centro,Retail
4002,Isole,Corporate
4647,Nord,Retail
1544,Isole,Corporate
1495,Sud,Retail
2356,Sud,Premium
609,Sud,Retail
2330,Sud,Premium
1037,Centro,Premium
4962,Sud,Retail
2118,Sud,Retail
2097,Isole,Corporate
2161,Sud,Retail
2814,Nord,Corporate
3802,Sud,Corporate
2689,Centro,Premium
2954,Centro,Premium
3025,Isole,Premium
2709,Sud,Corporate
2145,Sud,Retail
4528,Centro,Corporate
4990,Isole,Retail
2683,Sud,Corporate
2539,Isole,Retail
70,Sud,Premium
751,Sud,Retail
462,Isole,Premium
1719,Centro,Corporate
1335,Nord,Premium
638,Isole,Premium
1054,Isole,Corporate
4362,Sud,Corporate
3689,Isole,Premium
4794,Sud,Corporate
4988,Centro,Premium
2013,Centro,Retail
627,Nord,Corporate
2889,Nord,Premium
1249,Isole,Retail
2885,Isole,Corporate
2959,Nord,Retail
471,Sud,Premium
2302,Sud,Corporate
1073,Centro,Premium
2179,Sud,Premium
560,Nord,Premium
2338,Nord,Premium
4568,Sud,Corporate
2568,Nord,Retail
3606,Isole,Retail
2098,Isole,Retail
2490,Isole,Premium
1214,Sud,Retail
3222,Sud,Premium
27,Isole,Retail
2261,Sud,Corporate
1170,Isole,Corporate
4533,Isole,Corporate
2172,Sud,Corporate
2363,Centro,Corporate
4311,Sud,Premium
1347,Centro,Retail
2919,Centro,Premium
2443,Isole,Retail
2598,Sud,Retail
2833,Centro,Corporate
1040,Sud,Corporate
1048,Isole,Corporate
3752,Centro,Premium
2848,Sud,Corporate
3531,Centro,Premium
3165,Nord,Corporate
3824,Centro,Premium
223,Sud,Corporate
684,Isole,Corporate
2904,Nord,Retail
4179,Isole,Retail
3258,Nord,Retail
636,Nord,Premium
4064,Isole,Premium
2599,Sud,Corporate
1233,Centro,Premium
4809,Sud,Corporate
1730,Sud,Premium
2121,Centro,Retail
4997,Sud,Corporate
1468,Nord,Premium
1825,Isole,Retail
1919,Sud,Retail
2536,Isole,Premium
1416,Centro,Retail
2787,Nord,Retail
3614,Nord,Corporate
4526,Isole,Premium
2984,Sud,Premium
2323,Nord,Premium
482,Sud,Premium
3054,Nord,Premium
11,Centro,Retail
2883,Sud,Premium
547,Nord,Retail
4500,Nord,Premium
3195,Nord,Retail
3959,Centro,Corporate
2119,Isole,Premium
569,Nord,Retail
2886,Isole,Premium
1811,Centro,Corporate
739,Centro,Premium
649,Sud,Retail
1536,Isole,Corporate
4103,Sud,Retail
2818,Sud,Retail
10,Sud,Premium
732,Isole,Corporate
351,Isole,Corporate
2468,Isole,Premium
1740,Sud,Premium
249,Nord,Corporate
2917,Sud,Retail
4099,Sud,Corporate
3294,Nord,Premium
1716,Nord,Retail
1917,Nord,Retail
4507,Centro,Premium
2441,Centro,Corporate
525,Centro,Premium
341,Sud,Retail
366,Nord,Retail
2254,Nord,Retail
4419,Nord,Retail
2599,Centro,Premium
3148,Centro,Premium
971,Centro,Premium
3130,Nord,Retail
2408,Centro,Retail
4084,Isole,Premium
2841,Isole,Retail
123,Centro,Retail
2715,Centro,Corporate
310,Isole,Corporate
662,Sud,Retail
4457,Isole,Corporate
4160,Nord,Retail
252,Nord,Corporate
4594,Isole,Retail
1712,Isole,Retail
4071,Nord,Premium
4488,Sud,Premium
3625,Nord,Premium
3832,Nord,Premium
107,Centro,Premium
4591,Centro,Corporate
3218,Centro,Retail
1556,Centro,Corporate
453,Isole,Corporate
373,Isole,Retail
2218,Isole,Retail
2391,Centro,Premium
3234,Centro,Retail
1363,Isole,Retail
4509,Nord,Premium
4423,Sud,Premium
2392,Isole,Retail
2464,Nord,Premium
2528,Nord,Premium
937,Sud,Premium
3042,Centro,Premium
2037,Centro,Corporate
3604,Nord,Retail
859,Sud,Corporate
492,Isole,Corporate
4491,Sud,Retail
3524,Sud,Retail
4735,Isole,Retail
2569,Isole,Retail
2875,Sud,Corporate
3895,Isole,Premium
4703,Sud,Corporate
193,Sud,Retail
3741,Isole,Premium
3814,Isole,Retail
743,Nord,Retail
1216,Centro,Corporate
1971,Nord,Corporate
3484,Nord,Retail
1208,Centro,Premium
4159,Sud,Retail
741,Sud,Retail
1899,Nord,Premium
3202,Isole,Premium
2058,Sud,Premium
2349,Sud,Retail
632,Sud,Premium
2401,Sud,Retail
1354,Nord,Retail
78,Centro,Premium
1949,Centro,Premium
171,Centro,Premium
4599,Centro,Premium
3957,Sud,Retail
3475,Nord,Retail
2270,Isole,Retail
2343,Isole,Premium
2879,Nord,Premium
3055,Isole,Premium
2208,Nord,Premium
3482,Centro,Premium
2111,Sud,Retail
2899,Sud,Corporate
269,Centro,Corporate
2989,Centro,Premium
1081,Sud,Corporate
4390,Centro,Corporate
179,Isole,Premium
727,Isole,Corporate
558,Isole,Retail
870,Isole,Corporate
1478,Centro,Premium
4740,Nord,Retail
681,Isole,Corporate
575,Isole,Corporate
4877,Sud,Corporate
3941,Centro,Retail
672,Centro,Retail
1867,Sud,Premium
4322,Sud,Retail
1621,Centro,Corporate
1476,Isole,Retail
2758,Nord,Premium
254,Nord,Corporate
3220,Isole,Retail
2763,Centro,Premium
2808,Centro,Retail
3459,Isole,Corporate
428,Isole,Premium
1580,Nord,Premium
571,Nord,Corporate
4483,Nord,Retail
4872,Isole,Corporate
1108,Isole,Retail
4358,Centro,Corporate
1097,Sud,Retail
4928,Centro,Corporate
4572,Nord,Premium
4904,Nord,Corporate
1432,Centro,Retail
2894,Sud,Retail
501,Isole,Retail
2352,Isole,Corporate
4828,Nord,Corporate
2006,Isole,Premium
3593,Isole,Corporate
4774,Isole,Premium
2165,Isole,Retail
2251,Sud,Retail
994,Nord,Premium
224,Sud,Retail
4962,Sud,Corporate
2415,Sud,Premium
4093,Centro,Corporate
2152,Isole,Premium
1485,Centro,Corporate
1389,Sud,Retail
4463,Centro,Retail
4777,Centro,Retail
399,Sud,Retail
1987,Centro,Retail
1337,Nord,Corporate
3837,Isole,Premium
358,Nord,Retail
3952,Sud,Premium
3772,Centro,Retail
1794,Centro,Corporate
4357,Isole,Corporate
1770,Isole,Retail
51,Isole,Corporate
213,Sud,Premium
2342,Isole,Corporate
750,Isole,Retail
4803,Centro,Corporate
185,Sud,Corporate
4231,Sud,Premium
4185,Isole,Retail
4587,Sud,Corporate
3013,Sud,Premium
2181,Centro,Retail
200,Isole,Premium
2317,Centro,Premium
4440,Sud,Retail
3168,Isole,Retail
2260,Nord,Corporate
2686,Isole,Corporate
3549,Centro,Retail
4426,Nord,Corporate
3503,Nord,Corporate
3083,Isole,Corporate
380,Sud,Corporate
3614,Isole,Premium
4496,Nord,Premium
2677,Sud,Premium
597,Sud,Premium
3111,Centro,Retail
251,Centro,Retail
4233,Nord,Premium
981,Centro,Retail
1057,Isole,Corporate
1169,Centro,Premium
2136,Isole,Premium
2524,Isole,Premium
3391,Nord,Retail
490,Centro,Corporate
3816,Isole,Premium
2985,Centro,Corporate
4380,Sud,Corporate
1348,Isole,Retail
1761,Nord,Retail
3148,Sud,Corporate
3795,Sud,Premium
434,Nord,Premium
4456,Sud,Premium
1870,Sud,Retail
273,Isole,Premium
1070,Isole,Premium
2330,Nord,Premium
2320,Isole,Retail
4564,Nord,Retail
3070,Nord,Corporate
2688,Centro,Corporate
4393,Sud,Premium
3743,Nord,Premium
3365,Sud,Retail
80,Nord,Retail
3497,Isole,Premium
541,Centro,Corporate
2046,Sud,Corporate
4560,Sud,Corporate
2719,Nord,Retail
2379,Centro,Premium
1007,Nord,Corporate
3938,Nord,Premium
1919,Nord,Retail
712,Centro,Corporate
960,Sud,Retail
3554,Nord,Retail
4518,Isole,Retail
2226,Isole,Premium
3901,Nord,Premium
3297,Isole,Retail
3663,Nord,Retail
4704,Centro,Premium
4027,Isole,Premium
786,Sud,Retail
146,Centro,Corporate
3688,Isole,Retail
238,Isole,Corporate
3954,Centro,Premium
3832,Nord,Corporate
412,Isole,Premium
2316,Isole,Premium
3816,Sud,Corporate
1587,Nord,Corporate
4108,Sud,Retail
1074,Isole,Retail
4289,Isole,Corporate
4783,Isole,Retail
364,Centro,Corporate
4373,Isole,Premium
768,Nord,Retail
880,Isole,Premium
2657,Nord,Premium
4692,Sud,Corporate
628,Centro,Retail
3703,Centro,Retail
2406,Sud,Retail
3759,Nord,Retail
2468,Centro,Premium
3835,Isole,Retail
2650,Nord,Premium
3677,Nord,Premium
4767,Isole,Premium
1474,Isole,Premium
4565,Nord,Retail
4803,Isole,Corporate
3975,Centro,Premium
4817,Isole,Retail
3823,Sud,Corporate
2315,Centro,Retail
795,Sud,Corporate
1422,Nord,Corporate
258,Nord,Retail
225,Nord,Corporate
4540,Isole,Premium
4982,Centro,Retail
4443,Sud,Retail
788,Centro,Corporate
813,Sud,Retail
3423,Sud,Premium
1129,Centro,Premium
4859,Centro,Premium
4197,Sud,Corporate
4952,Nord,Premium
5000,Sud,Premium
2537,Centro,Corporate
2632,Centro,Corporate
3607,Nord,Corporate
502,Centro,Premium
3144,Isole,Corporate
1740,Sud,Corporate
516,Sud,Corporate
1099,Sud,Corporate
393,Isole,Premium
957,Isole,Corporate
2915,Centro,Premium
3548,Isole,Retail
4007,Sud,Premium
3971,Isole,Retail
2593,Sud,Premium
3786,Nord,Retail
2469,Nord,Premium
434,Centro,Premium
671,Nord,Retail
2760,Centro,Retail
4264,Sud,Corporate
2045,Centro,Premium
2908,Isole,Retail
691,Centro,Corporate
2059,Centro,Corporate
4027,Isole,Corporate
988,Sud,Retail
3468,Sud,Premium
1770,Sud,Premium
239,Isole,Corporate
4979,Nord,Retail
623,Centro,Retail
4561,Isole,Premium
3484,Sud,Retail
1076,Isole,Premium
778,Sud,Corporate
3248,Nord,Corporate
4482,Sud,Corporate
439,Sud,Retail
1429,Nord,Premium
278,Nord,Corporate
4361,Centro,Premium
3975,Isole,Corporate
677,Centro,Premium
4808,Isole,Retail
4911,Centro,Premium
2937,Sud,Retail
1980,Nord,Retail
4997,Centro,Premium
4473,Isole,Premium
4556,Isole,Retail
4976,Nord,Premium
3494,Sud,Corporate
2335,Sud,Premium
2122,Centro,Retail
4818,Centro,Retail
3125,Isole,Retail
2027,Isole,Corporate
1604,Isole,Premium
3775,Nord,Retail
431,Nord,Retail
2956,Centro,Premium
2428,Isole,Retail
1229,Isole,Corporate
3193,Sud,Premium
4100,Centro,Premium
1163,Nord,Corporate
898,Sud,Retail
4948,Centro,Retail
873,Sud,Premium
1374,Nord,Retail
4702,Isole,Corporate
1570,Nord,Retail
3125,Centro,Premium
781,Sud,Retail
214,Sud,Premium
3975,Isole,Premium
4131,Isole,Corporate
1981,Sud,Corporate
1814,Nord,Premium
1268,Isole,Corporate
2328,Nord,Premium
2141,Isole,Corporate
4631,Centro,Retail
695,Sud,Premium
3053,Nord,Premium
2725,Nord,Corporate
291,Sud,Corporate
1511,Centro,Retail
42,Nord,Corporate
4409,Nord,Premium
29,Sud,Premium
10,Isole,Premium
2383,Sud,Retail
941,Centro,Corporate
4287,Sud,Retail
3249,Nord,Premium
4825,Isole,Retail
3475,Nord,Corporate
771,Sud,Corporate
3875,Sud,Retail
3528,Centro,Premium
2302,Sud,Retail
1002,Isole,Retail
1896,Isole,Premium
1853,Centro,Premium
2700,Isole,Retail
3809,Sud,Retail
2138,Centro,Corporate
4651,Sud,Premium
2247,Isole,Corporate
3501,Isole,Corporate
4949,Sud,Corporate
1014,Sud,Corporate
3806,Sud,Retail
3842,Nord,Corporate
3242,Centro,Retail
656,Nord,Premium
183,Centro,Corporate
608,Sud,Retail
4067,Centro,Retail
3595,Centro,Corporate
4501,Isole,Premium
1976,Nord,Corporate
3899,Isole,Retail
3884,Sud,Corporate
813,Centro,Retail
2583,Sud,Corporate
2935,Nord,Retail
1359,Nord,Corporate
1955,Isole,Premium
1318,Nord,Premium
3548,Nord,Retail
1756,Sud,Premium
4130,Centro,Retail
4261,Centro,Corporate
2524,Isole,Premium
486,Sud,Premium
3351,Centro,Premium
1115,Isole,Corporate
2403,Centro,Premium
1478,Nord,Retail
1984,Nord,Corporate
2777,Nord,Retail
3275,Centro,Premium
714,Sud,Corporate
3057,Centro,Premium
3574,Sud,Retail
2822,Nord,Premium
3659,Isole,Corporate
135,Centro,Corporate
3326,Centro,Corporate
4944,Nord,Retail
1364,Nord,Corporate
3213,Nord,Premium
1013,Sud,Retail
228,Centro,Premium
4802,Isole,Retail
2331,Centro,Corporate
2052,Sud,Retail
2556,Sud,Corporate
4153,Centro,Retail
4046,Centro,Retail
3044,Nord,Premium
3182,Isole,Corporate
4017,Isole,Premium
4322,Sud,Retail
1524,Centro,Retail
71,Nord,Premium
193,Nord,Premium
4578,Nord,Retail
4656,Sud,Corporate
4993,Centro,Retail
4666,Isole,Corporate
4121,Centro,Retail
806,Sud,Retail
4055,Isole,Corporate
3371,Isole,Retail
1599,Nord,Corporate
1639,Isole,Corporate
480,Centro,Retail
1832,Nord,Retail
1952,Nord,Premium
3769,Sud,Corporate
2397,Isole,Retail
3290,Nord,Corporate
3238,Isole,Retail
4125,Centro,Premium
3904,Nord,Retail
594,Sud,Retail
1139,Centro,Retail
2291,Isole,Premium
542,Sud,Retail
54,Centro,Premium
1879,Sud,Premium
618,Nord,Retail
4484,Isole,Premium
54,Centro,Premium
1220,Centro,Premium
1192,Isole,Corporate
1877,Nord,Retail
3278,Isole,Premium
4319,Nord,Premium
1298,Isole,Corporate
2541,Nord,Corporate
565,Isole,Premium
1755,Isole,Corporate
3661,Sud,Premium
4044,Isole,Premium
3480,Isole,Corporate
2911,Centro,Premium
603,Sud,Premium
2904,Centro,Retail
4683,Isole,Premium
1203,Isole,Retail
4373,Centro,Premium
3765,Isole,Retail
1490,Nord,Premium
1605,Isole,Retail
1467,Nord,Premium
481,Nord,Corporate
4758,Centro,Corporate
2734,Sud,Corporate
709,Sud,Corporate
1315,Nord,Retail
2615,Nord,Corporate
4980,Nord,Retail
101,Isole,Corporate
2178,Sud,Premium
4155,Isole,Premium
3499,Sud,Corporate
2703,Centro,Premium
3427,Isole,Corporate
2261,Sud,Premium
3754,Centro,Premium
1307,Isole,Corporate
3047,Sud,Premium
1960,Sud,Corporate
129,Nord,Premium
4261,Centro,Corporate
827,Sud,Retail
885,Sud,Corporate
3846,Isole,Corporate
4522,Isole,Premium
2382,Nord,Corporate
858,Sud,Corporate
63,Sud,Corporate
466,Centro,Corporate
4143,Sud,Premium
2881,Sud,Retail
1803,Centro,Corporate
4432,Centro,Retail
3365,Nord,Corporate
549,Nord,Premium
614,Sud,Premium
3953,Centro,Corporate
3357,Nord,Premium
283,Sud,Corporate
3647,Isole,Corporate
1291,Sud,Corporate
820,Nord,Retail
3449,Sud,Corporate
2025,Centro,Retail
4542,Isole,Retail
684,Centro,Retail
3156,Isole,Corporate
740,Nord,Corporate
4427,Sud,Premium
1244,Sud,Corporate
3168,Centro,Corporate
3152,Nord,Premium
4076,Nord,Premium
433,Nord,Corporate
3020,Nord,Corporate
127,Nord,Corporate
127,Centro,Premium
1988,Nord,Premium
586,Centro,Premium
4206,Centro,Corporate
113,Isole,Premium
4004,Sud,Retail
2405,Centro,Premium
418,Nord,Premium
292,Sud,Corporate
3645,Isole,Corporate
1775,Sud,Corporate
4693,Isole,Premium
1855,Centro,Corporate
4568,Nord,Retail
4458,Isole,Corporate
1699,Isole,Retail
3702,Sud,Premium
4197,Isole,Premium
1963,Sud,Premium
1488,Centro,Premium
4942,Sud,Retail
737,Isole,Premium
4014,Nord,Corporate
2005,Isole,Retail
154,Nord,Retail
3206,Isole,Retail
4289,Sud,Retail
454,Isole,Premium
152,Centro,Premium
3914,Centro,Premium
4769,Centro,Retail
433,Isole,Premium
1020,Sud,Retail
2666,Centro,Corporate
1145,Isole,Retail
347,Nord,Corporate
2107,Centro,Premium
4340,Isole,Retail
4571,Isole,Corporate
1116,Isole,Corporate
3309,Sud,Premium
3698,Sud,Corporate
1788,Isole,Premium
3399,Centro,Retail
2429,Centro,Premium
4630,Isole,Retail
4252,Isole,Premium
3447,Sud,Retail
1703,Nord,Retail
2687,Sud,Corporate
3250,Nord,Premium
3082,Nord,Premium
2099,Nord,Corporate
1067,Centro,Corporate
3100,Centro,Corporate
1003,Sud,Retail
3573,Centro,Corporate
4165,Sud,Premium
1530,Sud,Premium
2810,Sud,Premium
1876,Isole,Premium
4268,Isole,Corporate
67,Isole,Retail
3615,Centro,Corporate
1323,Nord,Premium
4263,Nord,Corporate
3702,Sud,Premium
3193,Sud,Corporate
1249,Sud,Retail
2208,Isole,Premium
1293,Nord,Retail
1347,Isole,Retail
3416,Nord,Retail
114,Sud,Premium
3520,Nord,Retail
549,Isole,Corporate
3386,Nord,Premium
2356,Nord,Corporate
4661,Isole,Corporate
4371,Nord,Premium
1745,Sud,Retail
3270,Centro,Premium
3419,Nord,Premium
3531,Centro,Premium
3017,Centro,Corporate
3278,Centro,Corporate
3054,Sud,Premium
2087,Sud,Corporate
3623,Sud,Premium
1829,Centro,Premium
1071,Sud,Corporate
4684,Sud,Retail
4558,Centro,Premium
3624,Nord,Retail
3677,Nord,Retail
3540,Sud,Premium
2282,Nord,Retail
429,Isole,Retail
1459,Centro,Retail
517,Isole,Retail
4510,Nord,Premium
2972,Sud,Retail
1071,Centro,Retail
3696,Nord,Corporate
3078,Sud,Retail
997,Sud,Corporate
4488,Nord,Premium
834,Nord,Retail
3932,Centro,Premium
2704,Nord,Retail
464,Centro,Premium
1493,Nord,Corporate
4933,Centro,Corporate
3296,Nord,Retail
1311,Nord,Retail
74,Nord,Corporate
869,Nord,Retail
3981,Sud,Retail
2437,Centro,Premium
4911,Isole,Retail
2452,Centro,Premium
4440,Nord,Corporate
4972,Nord,Retail
533,Isole,Premium
317,Sud,Premium
4296,Nord,Corporate
1098,Isole,Corporate
2462,Centro,Premium
4798,Sud,Corporate
3370,Nord,Corporate
3874,Isole,Premium
335,Nord,Premium
735,Centro,Retail
1565,Sud,Premium
2095,Centro,Premium
3347,Isole,Premium
249,Isole,Premium
2047,Centro,Retail
1874,Isole,Retail
3410,Isole,Retail
2262,Isole,Retail
4187,Isole,Retail
954,Nord,Retail
1763,Sud,Retail
4598,Centro,Retail
1779,Sud,Premium
407,Sud,Retail
4427,Sud,Premium
3589,Sud,Premium
1036,Centro,Premium
4319,Nord,Retail
351,Centro,Corporate
489,Sud,Corporate
4568,Isole,Retail
1212,Isole,Premium
3434,Isole,Corporate
1649,Centro,Corporate
2251,Sud,Corporate
409,Centro,Premium
3144,Sud,Premium
1676,Sud,Corporate
2881,Centro,Premium
3155,Isole,Premium
2610,Centro,Corporate
4180,Nord,Premium
3529,Sud,Premium
3088,Sud,Corporate
1027,Sud,Premium
261,Centro,Premium
4111,Isole,Premium
579,Centro,Retail
2824,Isole,Premium
2748,Isole,Premium
2356,Centro,Corporate
2996,Nord,Premium
497,Centro,Premium
3614,Sud,Corporate
3149,Nord,Corporate
139,Sud,Premium
181,Isole,Corporate
1623,Centro,Retail
4117,Isole,Premium
4961,Centro,Retail
604,Centro,Retail
3252,Nord,Corporate
4686,Sud,Retail
3499,Nord,Retail
967,Centro,Corporate
4117,Centro,Premium
4124,Centro,Premium
380,Nord,Retail
4689,Isole,Retail
675,Isole,Retail
4995,Isole,Premium
1931,Isole,Corporate
3944,Nord,Corporate
2006,Sud,Premium
2158,Sud,Corporate
2070,Centro,Corporate
3538,Isole,Retail
4158,Sud,Premium
3102,Centro,Premium
3292,Sud,Premium
3465,Nord,Retail
1000,Centro,Retail
1792,Isole,Corporate
4362,Sud,Retail
1593,Centro,Retail
4086,Sud,Corporate
1377,Nord,Corporate
4424,Sud,Corporate
3807,Centro,Retail
4492,Centro,Corporate
2526,Centro,Retail
235,Sud,Premium
575,Sud,Corporate
2711,Centro,Retail
3267,Nord,Retail
3453,Sud,Retail
3486,Isole,Retail
4499,Isole,Retail
78,Sud,Retail
546,Nord,Premium
546,Centro,Corporate
2611,Isole,Corporate
1603,Nord,Premium
2057,Centro,Premium
821,Isole,Corporate
4617,Centro,Retail
664,Isole,Retail
702,Centro,Corporate
2344,Sud,Corporate
2235,Isole,Retail
61,Nord,Premium
356,Centro,Premium
1285,Centro,Corporate
4241,Centro,Corporate
1710,Sud,Corporate
2919,Isole,Premium
321,Isole,Premium
3302,Centro,Retail
3207,Nord,Retail
2454,Isole,Retail
2117,Nord,Corporate
979,Sud,Premium
4779,Sud,Retail
1011,Nord,Corporate
248,Isole,Retail
4667,Nord,Corporate
1784,Centro,Retail
1998,Nord,Retail
750,Sud,Premium
3041,Centro,Premium
4267,Centro,Premium
2353,Nord,Retail
3328,Sud,Premium
3824,Centro,Corporate
165,Nord,Retail
4526,Isole,Corporate
4003,Nord,Premium
971,Nord,Corporate
4220,Isole,Corporate
3702,Isole,Corporate
3323,Sud,Corporate
4864,Sud,Premium
3403,Nord,Retail
3978,Centro,Corporate
581,Nord,Corporate
1010,Centro,Corporate
3878,Nord,Corporate
4294,Isole,Premium
2787,Isole,Retail
3569,Centro,Premium
3136,Nord,Corporate
384,Centro,Premium
3780,Isole,Premium
4707,Isole,Retail
3716,Isole,Premium
3662,Sud,Retail
508,Nord,Retail
4773,Sud,Retail
4637,Nord,Premium
1648,Nord,Corporate
135,Isole,Retail
3980,Centro,Premium
59,Nord,Premium
3129,Nord,Corporate
2602,Centro,Corporate
3170,Isole,Retail
3749,Isole,Retail
2612,Sud,Premium
3075,Sud,Retail
419,Isole,Retail
2656,Nord,Retail
4688,Nord,Corporate
398,Nord,Premium
1512,Nord,Premium
4116,Nord,Premium
993,Sud,Premium
4003,Isole,Premium
4795,Sud,Premium
1005,Nord,Retail
117,Nord,Retail
2011,Centro,Retail
3131,Centro,Corporate
1788,Nord,Premium
4898,Centro,Retail
4391,Sud,Premium
1078,Sud,Premium
546,Nord,Premium
4861,Centro,Retail
2585,Isole,Corporate
1894,Centro,Premium
3740,Nord,Premium
3129,Centro,Retail
1423,Centro,Retail
2552,Isole,Retail
3157,Isole,Corporate
4739,Isole,Premium
369,Sud,Corporate
2631,Centro,Retail
1277,Centro,Corporate
4390,Isole,Corporate
829,Sud,Retail
286,Nord,Premium
172,Sud,Premium
2652,Sud,Retail
2873,Centro,Retail
2112,Isole,Corporate
748,Nord,Corporate
3301,Isole,Retail
4336,Centro,Corporate
3923,Sud,Retail
2852,Isole,Premium
862,Centro,Corporate
2246,Sud,Corporate
3949,Centro,Premium
713,Sud,Retail
3955,Centro,Corporate
1958,Isole,Corporate
3579,Nord,Premium
2488,Centro,Corporate
3106,Nord,Premium
3391,Isole,Premium
4470,Nord,Corporate
3655,Nord,Retail
2892,Nord,Retail
1154,Nord,Premium
3589,Isole,Retail
1625,Isole,Corporate
4229,Centro,Retail
366,Isole,Premium
3784,Isole,Retail
197,Nord,Premium
3146,Isole,Corporate
288,Sud,Retail
348,Centro,Premium
208,Nord,Retail
3567,Centro,Premium
929,Isole,Retail
517,Centro,Retail
4916,Sud,Premium
3967,Sud,Premium
4363,Centro,Premium
4044,Nord,Retail
839,Sud,Premium
380,Sud,Retail
2533,Sud,Retail
242,Isole,Premium
339,Centro,Premium
4060,Isole,Corporate
2846,Sud,Retail
411,Nord,Retail
2597,Isole,Corporate
569,Nord,Corporate
4367,Nord,Retail
3414,Sud,Corporate
1856,Sud,Corporate
1368,Sud,Corporate
517,Isole,Retail
996,Nord,Corporate
4326,Centro,Premium
605,Isole,Corporate
1335,Sud,Retail
3677,Isole,Premium
3008,Sud,Premium
2969,Isole,Corporate
97,Sud,Corporate
4442,Nord,Corporate
4734,Centro,Retail
4039,Centro,Retail
1104,Sud,Premium
658,Sud,Retail
4497,Nord,Premium
4340,Isole,Retail
2961,Nord,Premium
1432,Nord,Corporate
3750,Sud,Retail
487,Sud,Premium
2831,Nord,Premium
3491,Centro,Corporate
1818,Isole,Corporate
1637,Isole,Premium
2725,Nord,Retail
1584,Sud,Corporate
2963,Nord,Corporate
2148,Sud,Retail
3097,Centro,Retail
4678,Nord,Corporate
2487,Isole,Corporate
2608,Nord,Retail
725,Nord,Corporate
4311,Isole,Premium
3073,Isole,Retail
4672,Centro,Premium
3315,Isole,Premium
573,Isole,Retail
2178,Isole,Corporate
1787,Centro,Corporate
4420,Nord,Corporate
1827,Isole,Corporate
317,Sud,Retail
3422,Sud,Corporate
4262,Centro,Retail
3283,Isole,Premium
3039,Nord,Corporate
2533,Nord,Corporate
1682,Sud,Premium
4193,Sud,Corporate
3186,Sud,Premium
2096,Centro,Retail
1689,Sud,Corporate
1964,Sud,Premium
2297,Isole,Retail
2148,Isole,Premium
3257,Nord,Retail
1359,Isole,Retail
1530,Sud,Premium
2164,Isole,Corporate
4160,Nord,Retail
1210,Isole,Retail
2343,Centro,Retail
308,Isole,Premium
707,Centro,Premium
291,Isole,Premium
1167,Nord,Retail
3014,Nord,Premium
521,Nord,Premium
973,Centro,Premium
34,Sud,Premium
1408,Centro,Corporate
4751,Sud,Retail
1148,Isole,Retail
3781,Sud,Retail
1431,Centro,Retail
4386,Sud,Retail
2536,Nord,Corporate
4653,Sud,Retail
871,Nord,Corporate
314,Isole,Premium
2518,Sud,Corporate
4157,Nord,Premium
498,Isole,Premium
2275,Nord,Retail
107,Centro,Premium
4585,Sud,Premium
4455,Sud,Corporate
1599,Nord,Retail
587,Isole,Premium
3711,Nord,Corporate
1144,Centro,Retail
2636,Nord,Retail
497,Nord,Corporate
1597,Centro,Premium
1630,Nord,Corporate
699,Centro,Retail
605,Nord,Premium
3133,Centro,Retail
2268,Isole,Retail
652,Nord,Retail
313,Sud,Premium
4931,Centro,Premium
1286,Nord,Corporate
190,Nord,Premium
2631,Nord,Premium
4446,Isole,Premium
2717,Centro,Corporate
4423,Nord,Corporate
2871,Isole,Retail
1607,Centro,Premium
3599,Nord,Premium
877,Isole,Premium
3837,Sud,Retail
587,Centro,Corporate
610,Isole,Premium
811,Centro,Premium
1581,Nord,Premium
4526,Isole,Retail
575,Isole,Retail
2274,Nord,Retail
4939,Centro,Corporate
3345,Centro,Retail
4854,Centro,Premium
1002,Centro,Retail
33,Sud,Corporate
3570,Sud,Corporate
2052,Nord,Retail
2789,Sud,Corporate
4425,Sud,Retail
4939,Isole,Corporate
2882,Sud,Corporate
2142,Sud,Corporate
3524,Sud,Corporate
3658,Sud,Retail
8,Sud,Premium
3618,Centro,Corporate
2430,Sud,Corporate
2922,Centro,Premium
4801,Nord,Corporate
3907,Centro,Corporate
2789,Sud,Premium
2719,Isole,Premium
356,Isole,Corporate
2404,Nord,Premium
3591,Isole,Premium
957,Centro,Premium
4982,Centro,Premium
2037,Sud,Retail
2906,Nord,Premium
2625,Centro,Corporate
755,Isole,Retail
3735,Sud,Premium
1769,Sud,Corporate
3897,Nord,Premium
622,Sud,Corporate
3434,Centro,Retail
19,Sud,Premium
241,Sud,Premium
325,Isole,Premium
4011,Isole,Corporate
3135,Centro,Retail
3700,Nord,Retail
279,Centro,Corporate
2826,Isole,Premium
4902,Sud,Corporate
1695,Sud,Retail
246,Sud,Corporate
35,Centro,Retail
2568,Nord,Corporate
4775,Isole,Retail
1160,Isole,Retail
1436,Sud,Corporate
2317,Centro,Corporate
1118,Isole,Premium
4285,Isole,Premium
893,Nord,Corporate
4091,Nord,Corporate
4659,Isole,Corporate
943,Sud,Corporate
3265,Nord,Corporate
3252,Isole,Premium
1320,Nord,Premium
4871,Isole,Premium
345,Nord,Corporate
952,Nord,Corporate
4210,Isole,Corporate
1239,Sud,Premium
2951,Nord,Corporate
1995,Centro,Retail
4228,Centro,Premium
2011,Centro,Retail
3624,Isole,Premium
1611,Nord,Retail
1962,Sud,Corporate
612,Nord,Corporate
1689,Isole,Premium
1134,Isole,Retail
1930,Nord,Corporate
1458,Isole,Retail
1505,Sud,Retail
2550,Nord,Retail
2729,Isole,Premium
4094,Nord,Retail
2625,Nord,Retail
2347,Sud,Retail
2967,Centro,Retail
1075,Sud,Corporate
471,Isole,Retail
1101,Sud,Retail
4720,Isole,Premium
4976,Isole,Corporate
3225,Centro,Retail
1855,Nord,Retail
3617,Nord,Premium
3834,Isole,Premium
3981,Nord,Corporate
1845,Nord,Corporate
4708,Nord,Corporate
1230,Isole,Premium
1994,Isole,Premium
4037,Isole,Corporate
627,Nord,Retail
4118,Nord,Corporate
546,Centro,Corporate
4622,Isole,Corporate
1538,Centro,Corporate
4054,Nord,Corporate
1152,Nord,Corporate
4842,Sud,Corporate
4674,Sud,Retail
3816,Sud,Retail
4903,Nord,Corporate
2779,Centro,Corporate
2783,Nord,Premium
3776,Sud,Premium
4451,Sud,Retail
4741,Sud,Premium
3048,Centro,Corporate
2581,Isole,Retail
2130,Isole,Premium
3718,Isole,Retail
3974,Nord,Retail
1788,Isole,Premium
1836,Isole,Corporate
2069,Centro,Corporate
1792,Isole,Premium
3367,Sud,Retail
677,Nord,Retail
4932,Centro,Retail
603,Isole,Corporate
3244,Isole,Premium
4738,Centro,Corporate
416,Sud,Corporate
4190,Nord,Retail
2539,Isole,Corporate
495,Centro,Retail
1104,Sud,Corporate
842,Nord,Premium
2506,Sud,Retail
4119,Nord,Retail
2260,Isole,Corporate
4854,Isole,Retail
1103,Sud,Retail
3372,Sud,Retail
2973,Nord,Premium
578,Isole,Corporate
4539,Nord,Premium
807,Centro,Corporate
961,Nord,Corporate
3733,Isole,Retail
528,Centro,Corporate
2647,Isole,Corporate
3547,Sud,Premium
1695,Isole,Premium
2893,Centro,Premium
1229,Nord,Premium
360,Nord,Corporate
1578,Nord,Retail
3872,Centro,Retail
2487,Centro,Corporate
3894,Nord,Premium
2312,Sud,Corporate
870,Sud,Retail
4398,Nord,Premium
4695,Nord,Retail
3825,Centro,Corporate
1549,Nord,Corporate
4785,Centro,Corporate
435,Sud,Premium
2674,Centro,Premium
653,Sud,Premium
2253,Nord,Retail
1493,Sud,Corporate
1695,Sud,Retail
2814,Sud,Corporate
849,Centro,Premium
211,Nord,Retail
1807,Centro,Retail
4513,Nord,Premium
3443,Nord,Corporate
1990,Nord,Premium
4383,Nord,Retail
2421,Centro,Retail
4477,Nord,Retail
1969,Isole,Premium
4822,Nord,Premium
3893,Centro,Corporate
4109,Isole,Corporate
4660,Nord,Premium
3094,Centro,Premium
3316,Isole,Premium
204,Centro,Retail
4126,Nord,Premium
1704,Centro,Premium
2491,Nord,Retail
4690,Isole,Corporate
2144,Sud,Corporate
953,Centro,Premium
927,Isole,Premium
3397,Nord,Corporate
3358,Nord,Corporate
721,Sud,Premium
3284,Nord,Premium
4479,Sud,Corporate
3543,Centro,Premium
3089,Sud,Premium
305,Sud,Retail
2799,Centro,Premium
322,Centro,Corporate
3400,Sud,Retail
28,Nord,Retail
2134,Nord,Premium
3683,Nord,Corporate
4744,Sud,Premium
2473,Isole,Premium
222,Sud,Corporate
3257,Isole,Corporate
107,Centro,Retail
1728,Nord,Retail
2734,Isole,Premium
3176,Sud,Retail
4256,Nord,Premium
2784,Isole,Corporate
571,Nord,Premium
1498,Centro,Retail
4098,Isole,Corporate
4200,Isole,Corporate
3735,Sud,Premium
1756,Isole,Corporate
798,Nord,Corporate
3295,Sud,Corporate
1934,Isole,Retail
1275,Nord,Corporate
4832,Nord,Corporate
4127,Centro,Retail
1486,Sud,Corporate
2613,Sud,Retail
1216,Nord,Retail
1205,Centro,Retail
2244,Nord,Corporate
1554,Isole,Corporate
1231,Isole,Corporate
4222,Sud,Retail
3620,Isole,Premium
3857,Sud,Retail
3461,Sud,Premium
1381,Isole,Retail
1488,Sud,Corporate
1505,Nord,Premium
3409,Sud,Premium
2000,Isole,Premium
3651,Sud,Premium
370,Isole,Retail
856,Nord,Premium
1263,Sud,Premium
4660,Centro,Premium
4409,Isole,Premium
4964,Isole,Retail
2192,Centro,Retail
4938,Centro,Premium
4497,Centro,Corporate
944,Sud,Corporate
3597,Centro,Corporate
4160,Isole,Corporate
424,Isole,Corporate
2878,Isole,Corporate
4259,Centro,Corporate
3491,Nord,Retail
1025,Centro,Corporate
3937,Nord,Retail
3002,Isole,Corporate
2626,Isole,Premium
1377,Isole,Corporate
1269,Isole,Premium
3503,Sud,Corporate
4221,Isole,Premium
4508,Sud,Retail
4400,Nord,Retail
185,Isole,Premium
2786,Sud,Retail
1128,Nord,Corporate
4734,Isole,Premium
2560,Sud,Retail
528,Centro,Retail
3794,Isole,Corporate
884,Nord,Corporate
2475,Nord,Corporate
4954,Centro,Corporate
3469,Centro,Corporate
543,Sud,Retail
4042,Centro,Retail
2312,Nord,Retail
1889,Centro,Premium
1450,Centro,Corporate
2073,Centro,Corporate
3492,Isole,Premium
2592,Centro,Premium
1736,Centro,Premium
1587,Centro,Premium
4609,Nord,Retail
948,Isole,Retail
4589,Centro,Premium
1082,Isole,Retail
1580,Sud,Corporate
1053,Centro,Premium
1874,Nord,Premium
3204,Nord,Premium
1589,Isole,Premium
1604,Centro,Corporate
2753,Isole,Corporate
2073,Centro,Retail
1828,Sud,Corporate
2821,Centro,Premium
1887,Centro,Corporate
2644,Sud,Corporate
945,Nord,Premium
4289,Isole,Premium
920,Sud,Premium
4502,Isole,Corporate
2145,Sud,Corporate
63,Centro,Premium
1599,Nord,Corporate
3750,Sud,Corporate
3265,Nord,Premium
2185,Nord,Premium
1195,Sud,Retail
1272,Centro,Premium
1524,Sud,Retail
717,Nord,Premium
739,Isole,Premium
2135,Sud,Retail
2837,Centro,Retail
4958,Isole,Premium
4355,Nord,Premium
323,Nord,Corporate
1508,Isole,Premium
75,Isole,Retail
1763,Isole,Retail
1535,Sud,Retail
1570,Centro,Premium
2512,Sud,Corporate
876,Sud,Premium
4473,Sud,Premium
2505,Isole,Premium
2461,Centro,Retail
1978,Centro,Retail
4660,Centro,Retail
2358,Nord,Corporate
3842,Nord,Retail
3718,Sud,Corporate
4659,Centro,Premium
1424,Isole,Corporate
3063,Nord,Corporate
934,Centro,Corporate
3761,Sud,Premium
3440,Isole,Retail
1870,Isole,Corporate
248,Centro,Premium
3814,Sud,Retail
813,Isole,Retail
3195,Centro,Retail
2096,Centro,Premium
3913,Nord,Premium
654,Sud,Premium
3975,Sud,Corporate
4848,Nord,Premium
3114,Nord,Retail
819,Nord,Retail
149,Nord,Premium
993,Nord,Corporate
1704,Centro,Corporate
1096,Centro,Corporate
4938,Isole,Corporate
3060,Centro,Retail
2533,Sud,Retail
2069,Nord,Corporate
1680,Isole,Retail
4641,Centro,Corporate
1597,Nord,Retail
1592,Nord,Premium
3919,Nord,Corporate
669,Isole,Retail
4474,Isole,Corporate
3505,Centro,Premium
4142,Nord,Retail
2143,Sud,Premium
222,Sud,Retail
2838,Isole,Retail
1092,Centro,Retail
1280,Isole,Corporate
4444,Centro,Retail
1324,Centro,Premium
2145,Nord,Premium
2395,Nord,Premium
2036,Nord,Premium
1278,Isole,Premium
3250,Sud,Corporate
4234,Isole,Premium
415,Centro,Retail
1659,Sud,Corporate
4182,Sud,Premium
4334,Centro,Corporate
1634,Centro,Premium
3956,Centro,Premium
2949,Isole,Corporate
833,Centro,Corporate
975,Nord,Premium
1349,Isole,Premium
1364,Nord,Premium
536,Sud,Retail
4249,Centro,Retail
3972,Isole,Corporate
429,Sud,Corporate
1474,Centro,Corporate
1118,Centro,Premium
2264,Isole,Corporate
1691,Nord,Corporate
4685,Isole,Retail
3138,Sud,Corporate
1309,Isole,Retail
4219,Nord,Premium
2381,Isole,Retail
3723,Sud,Corporate
1853,Nord,Premium
432,Centro,Retail
984,Isole,Premium
1070,Centro,Corporate
4619,Isole,Corporate
3212,Nord,Corporate
4199,Nord,Retail
4366,Isole,Retail
2689,Isole,Corporate
1239,Sud,Corporate
4794,Isole,Premium
2941,Centro,Retail
4649,Sud,Premium
317,Nord,Retail
3731,Nord,Retail
3571,Sud,Premium
4882,Sud,Retail
250,Nord,Premium
2183,Sud,Retail
1256,Centro,Corporate
3835,Nord,Premium
1643,Centro,Corporate
2912,Centro,Premium
1944,Nord,Retail
2708,Sud,Retail
2820,Nord,Retail
725,Nord,Corporate
3563,Centro,Retail
4369,Centro,Retail
4910,Isole,Premium
4861,Centro,Premium
1839,Nord,Retail
1547,Centro,Premium
2298,Centro,Retail
737,Isole,Retail
4333,Centro,Retail
1646,Sud,Corporate
4930,Sud,Retail
2835,Isole,Retail
580,Sud,Corporate
4408,Centro,Premium
1809,Nord,Premium
2327,Sud,Corporate
487,Nord,Premium
3817,Isole,Premium
4606,Centro,Corporate
2718,Sud,Premium
4705,Sud,Corporate
3681,Isole,Corporate
4674,Sud,Retail
2718,Centro,Corporate
1127,Sud,Premium
2929,Nord,Corporate
1190,Centro,Retail
2331,Isole,Retail
4460,Sud,Retail
1669,Nord,Premium
4046,Sud,Premium
4603,Sud,Premium
2252,Isole,Retail
4789,Nord,Retail
168,Sud,Retail
4710,Isole,Retail
3324,Sud,Premium
20,Sud,Retail
3911,Sud,Corporate
4486,Nord,Retail
3758,Nord,Corporate
1480,Nord,Retail
3855,Isole,Premium
3862,Isole,Corporate
3793,Isole,Premium
3145,Isole,Corporate
3997,Sud,Retail
3487,Isole,Premium
1745,Isole,Corporate
1992,Centro,Premium
2969,Centro,Corporate
3864,Nord,Premium
4007,Nord,Corporate
3964,Nord,Retail
259,Isole,Retail
326,Nord,Corporate
1311,Centro,Retail
1474,Centro,Retail
1501,Sud,Premium
4391,Centro,Corporate
1508,Isole,Premium
2757,Nord,Retail
4655,Centro,Premium
752,Isole,Retail
2576,Isole,Corporate
3283,Centro,Premium
3914,Centro,Premium
1181,Isole,Corporate
4147,Nord,Corporate
2186,Sud,Premium
4689,Isole,Premium
1612,Centro,Premium
1067,Nord,Corporate
531,Isole,Corporate
1750,Isole,Retail
1569,Centro,Premium
3368,Centro,Corporate
2586,Nord,Premium
4220,Isole,Premium
1486,Isole,Corporate
1889,Centro,Corporate
2838,Centro,Corporate
4732,Isole,Corporate
1931,Nord,Retail
532,Nord,Premium
3137,Nord,Retail
3426,Sud,Premium
4451,Isole,Corporate
4772,Isole,Premium
3608,Centro,Corporate
4630,Sud,Retail
2152,Sud,Premium
1533,Isole,Premium
828,Nord,Premium
1096,Centro,Retail
884,Sud,Retail
4047,Nord,Corporate
1445,Isole,Corporate
288,Nord,Retail
566,Centro,Retail
11,Centro,Premium
4136,Sud,Premium
1670,Nord,Corporate
3996,Centro,Corporate
2368,Nord,Corporate
1867,Centro,Corporate
2242,Nord,Premium
4863,Centro,Corporate
2509,Isole,Corporate
4222,Sud,Premium
279,Sud,Premium
1496,Centro,Retail
3982,Nord,Premium
945,Nord,Corporate
3201,Isole,Premium
4787,Nord,Retail
2731,Nord,Retail
4152,Nord,Premium
427,Centro,Premium
4201,Isole,Premium
4416,Centro,Premium
3952,Centro,Premium
4967,Isole,Premium
3448,Nord,Premium
1273,Centro,Corporate
2458,Nord,Premium
4813,Nord,Retail
2575,Centro,Retail
4432,Centro,Corporate
4610,Nord,Retail
3163,Nord,Retail
3174,Sud,Corporate
1306,Centro,Corporate
4001,Nord,Retail
2216,Nord,Premium
2672,Sud,Premium
2083,Centro,Corporate
1003,Nord,Retail
3890,Sud,Retail
1253,Nord,Premium
1241,Nord,Corporate
4546,Centro,Corporate
1343,Isole,Premium
193,Centro,Retail
420,Nord,Corporate
3000,Centro,Corporate
1184,Sud,Retail
568,Isole,Premium
3260,Centro,Retail
3690,Isole,Corporate
2042,Centro,Corporate
2583,Isole,Retail
3280,Centro,Retail
2083,Isole,Retail
2381,Isole,Corporate
2358,Centro,Premium
954,Centro,Premium
3683,Isole,Retail
4328,Sud,Premium
2497,Sud,Retail
192,Centro,Premium
2276,Centro,Corporate
4773,Isole,Corporate
4200,Centro,Premium
181,Isole,Corporate
3865,Sud,Premium
2667,Sud,Premium
2410,Sud,Retail
4854,Centro,Corporate
1546,Isole,Premium
1051,Centro,Premium
103,Nord,Corporate
2288,Nord,Premium
2244,Nord,Corporate
539,Isole,Corporate
4882,Sud,Corporate
3631,Nord,Retail
4611,Isole,Premium
1625,Centro,Retail
1312,Sud,Retail
3101,Centro,Retail
422,Isole,Retail
2339,Nord,Retail
3312,Nord,Premium
3562,Isole,Retail
3857,Nord,Retail
1624,Sud,Retail
1518,Isole,Corporate
804,Isole,Premium
3780,Centro,Retail
2937,Isole,Retail
4071,Centro,Retail
1957,Nord,Corporate
4972,Nord,Corporate
371,Sud,Corporate
3350,Isole,Corporate
2633,Isole,Retail
1748,Centro,Premium
3409,Isole,Corporate
3173,Nord,Retail
1218,Sud,Premium
2172,Isole,Premium
394,Isole,Premium
317,Nord,Premium
4508,Sud,Corporate
3417,Sud,Corporate
1925,Centro,Retail
3823,Centro,Corporate
4636,Isole,Corporate
4901,Nord,Retail
3727,Isole,Premium
1335,Nord,Premium
874,Isole,Premium
277,Nord,Retail
4701,Centro,Corporate
2185,Sud,Retail
3439,Isole,Premium
2602,Isole,Corporate
4927,Nord,Retail
1202,Sud,Retail
1442,Centro,Premium
2972,Centro,Corporate
3387,Centro,Corporate
195,Isole,Retail
1426,Centro,Retail
3214,Nord,Premium
3449,Centro,Retail
819,Nord,Retail
419,Sud,Corporate
3686,Nord,Premium
3393,Centro,Corporate
3208,Centro,Premium
3797,Nord,Premium
2019,Centro,Corporate
4217,Sud,Premium
45,Sud,Retail
1468,Isole,Corporate
3146,Isole,Premium
4953,Isole,Corporate
416,Nord,Corporate
3595,Sud,Retail
3692,Sud,Premium
76,Centro,Premium
4174,Centro,Premium
4394,Sud,Premium
822,Sud,Retail
1267,Sud,Corporate
1937,Nord,Retail
125,Nord,Premium
2000,Centro,Corporate
563,Nord,Retail
2506,Nord,Corporate
865,Isole,Corporate
4486,Centro,Corporate
2003,Sud,Retail
4356,Nord,Corporate
1662,Sud,Corporate
1153,Sud,Retail
2187,Centro,Retail
4129,Isole,Corporate
4373,Sud,Corporate
4985,Isole,Corporate
340,Nord,Corporate
2846,Centro,Premium
2788,Centro,Premium
3467,Nord,Corporate
1878,Centro,Premium
1696,Centro,Premium
582,Centro,Premium
3855,Isole,Premium
2860,Isole,Premium
2730,Sud,Corporate
476,Centro,Premium
352,Nord,Premium
2739,Centro,Retail
4649,Isole,Retail
4332,Sud,Retail
1788,Sud,Corporate
886,Centro,Premium
1200,Centro,Corporate
3454,Isole,Corporate
1494,Isole,Retail
4044,Isole,Corporate
4720,Sud,Corporate
620,Sud,Retail
3261,Isole,Premium
4569,Nord,Premium
1279,Nord,Premium
1459,Sud,Premium
4183,Nord,Premium
4314,Isole,Premium
3850,Isole,Corporate
1117,Nord,Premium
2224,Nord,Premium
3854,Centro,Corporate
938,Sud,Retail
3290,Isole,Premium
3695,Centro,Premium
1852,Isole,Corporate
2278,Nord,Retail
1723,Sud,Corporate
3130,Nord,Retail
2203,Isole,Premium
4968,Centro,Retail
3811,Centro,Retail
1071,Sud,Corporate
37,Nord,Retail
4325,Isole,Premium
2540,Nord,Retail
4015,Centro,Retail
1192,Isole,Corporate
3836,Nord,Corporate
1237,Sud,Premium
784,Isole,Premium
4955,Sud,Corporate
2440,Nord,Premium
4515,Nord,Retail
3832,Nord,Premium
4014,Nord,Retail
1564,Isole,Premium
4768,Sud,Premium
4049,Centro,Corporate
3419,Nord,Retail
22,Sud,Corporate
2907,Centro,Corporate
1485,Sud,Corporate
3844,Isole,Corporate
1626,Nord,Retail
1727,Centro,Corporate
4706,Nord,Retail
1644,Centro,Corporate
2142,Centro,Premium
3089,Nord,Corporate
3339,Nord,Corporate
2558,Centro,Premium
1403,Isole,Corporate
4860,Sud,Premium
957,Nord,Retail
2010,Nord,Retail
1085,Nord,Premium
4449,Nord,Corporate
4088,Nord,Premium
3023,Isole,Corporate
2062,Centro,Premium
4366,Sud,Corporate
4496,Nord,Retail
2761,Sud,Retail
3763,Sud,Corporate
2917,Nord,Retail
1946,Nord,Premium
1455,Nord,Retail
2409,Nord,Corporate
152,Centro,Premium
4159,Centro,Retail
1141,Isole,Premium
3632,Centro,Premium
4300,Centro,Corporate
1990,Nord,Premium
1123,Isole,Corporate
1135,Nord,Premium
3422,Centro,Premium
729,Nord,Premium
4218,Centro,Premium
887,Sud,Premium
768,Nord,Corporate
567,Isole,Retail
1847,Centro,Corporate
4382,Centro,Premium
3888,Sud,Corporate
556,Centro,Corporate
1297,Isole,Retail
732,Nord,Retail
4574,Nord,Corporate
1118,Sud,Retail
633,Isole,Retail
3513,Sud,Corporate
2040,Centro,Premium
918,Nord,Premium
3709,Isole,Retail
3358,Centro,Corporate
1841,Isole,Retail
597,Isole,Corporate
3753,Centro,Premium
1615,Nord,Retail
4658,Sud,Corporate
108,Sud,Retail
2699,Centro,Corporate
4374,Sud,Premium
2351,Isole,Corporate
784,Isole,Retail
200,Isole,Corporate
3007,Sud,Retail
743,Isole,Premium
2647,Centro,Premium
4278,Isole,Premium
1452,Nord,Retail
4392,Centro,Premium
1222,Centro,Corporate
2614,Centro,Retail
3018,Nord,Premium
3539,Isole,Corporate
280,Nord,Retail
3003,Isole,Premium
2374,Centro,Corporate
3936,Centro,Premium
2608,Nord,Corporate
3697,Sud,Premium
1960,Isole,Corporate
169,Isole,Corporate
915,Sud,Corporate
1290,Sud,Retail
3254,Centro,Retail
3303,Sud,Retail
3316,Sud,Retail
1429,Isole,Corporate
1766,Centro,Premium
1229,Isole,Retail
663,Centro,Retail
4169,Isole,Retail
1671,Nord,Retail
3170,Nord,Premium
1256,Nord,Corporate
4959,Sud,Retail
1178,Sud,Corporate
1464,Nord,Corporate
3570,Isole,Corporate
1929,Nord,Premium
1536,Centro,Retail
3620,Isole,Premium
4909,Nord,Corporate
4486,Isole,Premium
1851,Sud,Corporate
3568,Isole,Corporate
2219,Isole,Corporate
3610,Nord,Corporate
1524,Centro,Retail
2214,Isole,Retail
713,Centro,Premium
4139,Isole,Corporate
1647,Isole,Corporate
636,Isole,Corporate
1661,Isole,Premium
4104,Sud,Retail
1384,Sud,Retail
2838,Isole,Corporate
1115,Nord,Premium
964,Isole,Premium
626,Sud,Corporate
4748,Isole,Retail
1232,Isole,Retail
102,Nord,Corporate
3768,Centro,Retail
255,Nord,Retail
3843,Centro,Retail
3254,Sud,Premium
3216,Nord,Premium
2667,Nord,Premium
4121,Sud,Corporate
2003,Isole,Premium
600,Sud,Corporate
1137,Centro,Premium
1426,Nord,Retail
3255,Nord,Premium
4237,Isole,Retail
4939,Nord,Premium
4952,Isole,Premium
2784,Nord,Corporate
1033,Isole,Retail
2929,Centro,Premium
3843,Centro,Retail
1989,Isole,Retail
2133,Sud,Retail
3082,Centro,Retail
4065,Sud,Premium
2367,Isole,Premium
1334,Centro,Retail
1130,Centro,Retail
4255,Centro,Retail
1859,Isole,Retail
3283,Centro,Corporate
799,Sud,Retail
1326,Sud,Premium
4082,Centro,Premium
1779,Sud,Corporate
1144,Isole,Premium
1476,Nord,Retail
4046,Nord,Retail
813,Isole,Retail
130,Isole,Premium
1575,Isole,Corporate
650,Nord,Corporate
2060,Sud,Premium
981,Isole,Corporate
722,Centro,Premium
1483,Isole,Retail
3103,Sud,Premium
4970,Centro,Retail
3398,Isole,Retail
3730,Sud,Retail
148,Isole,Premium
786,Nord,Premium
2365,Sud,Retail
669,Centro,Retail
3964,Nord,Premium
114,Isole,Premium
334,Nord,Premium
4661,Nord,Corporate
4881,Sud,Corporate
1833,Nord,Retail
399,Sud,Premium
435,Isole,Retail
4117,Nord,Corporate
2801,Centro,Premium
285,Nord,Premium
3497,Isole,Retail
4730,Sud,Corporate
4217,Isole,Corporate
3204,Isole,Retail
4175,Sud,Corporate
2560,Nord,Premium
614,Centro,Retail
522,Nord,Retail
649,Isole,Corporate
881,Isole,Premium
766,Isole,Corporate
2605,Sud,Corporate
12,Isole,Corporate
3759,Isole,Premium
764,Centro,Corporate
3036,Nord,Premium
3104,Centro,Premium
2465,Nord,Corporate
540,Sud,Retail
276,Centro,Corporate
2583,Nord,Retail
2992,Centro,Retail
1803,Sud,Retail
4347,Centro,Corporate
3895,Sud,Corporate
1087,Sud,Corporate
1253,Sud,Corporate
3284,Sud,Corporate
3700,Nord,Retail
1797,Centro,Corporate
623,Sud,Corporate
4931,Centro,Premium
4693,Sud,Corporate
2432,Nord,Premium
336,Isole,Corporate
1325,Isole,Corporate
4381,Isole,Retail
1790,Sud,Premium
2264,Centro,Premium
2094,Nord,Corporate
2002,Centro,Retail
1935,Centro,Retail
327,Centro,Corporate
3575,Isole,Retail
1783,Sud,Retail
1346,Sud,Premium
3494,Centro,Corporate
214,Isole,Premium
2843,Nord,Corporate
4176,Nord,Corporate
1331,Isole,Corporate
1799,Isole,Retail
341,Centro,Premium
4291,Centro,Retail
900,Centro,Retail
4068,Sud,Corporate
214,Nord,Corporate
4765,Nord,Retail
737,Nord,Corporate
1789,Isole,Retail
4798,Sud,Premium
4104,Sud,Retail
983,Centro,Corporate
4125,Nord,Retail
4032,Sud,Retail
3152,Centro,Premium
2759,Nord,Premium
3516,Nord,Corporate
2309,Isole,Premium
4315,Centro,Retail
4175,Centro,Retail
2465,Sud,Retail
2386,Sud,Premium
2870,Centro,Premium
138,Sud,Premium
557,Centro,Corporate
3926,Centro,Corporate
1011,Nord,Premium
2098,Nord,Premium
1168,Isole,Retail
4974,Isole,Retail
3868,Sud,Corporate
166,Sud,Corporate
4904,Centro,Retail
2362,Sud,Retail
2964,Centro,Retail
3255,Nord,Corporate
4181,Centro,Corporate
2646,Nord,Premium
1837,Centro,Corporate
4935,Sud,Retail
2472,Centro,Retail
4223,Sud,Premium
4175,Sud,Retail
3288,Nord,Retail
1609,Isole,Premium
4761,Centro,Retail
4231,Isole,Retail
629,Sud,Corporate
1566,Isole,Retail
497,Centro,Retail
798,Nord,Corporate
3950,Centro,Retail
2208,Nord,Retail
2283,Nord,Corporate
1582,Isole,Corporate
2235,Nord,Premium
949,Centro,Retail
2566,Sud,Retail
4640,Isole,Corporate
3173,Nord,Corporate
2924,Centro,Retail
3916,Isole,Corporate
144,Sud,Retail
4336,Centro,Retail
4359,Sud,Retail
1722,Isole,Retail
4074,Centro,Retail
3050,Isole,Retail
1365,Isole,Retail
1775,Centro,Premium
2923,Nord,Corporate
1780,Centro,Corporate
1873,Isole,Premium
223,Isole,Retail
2060,Centro,Premium
646,Isole,Retail
1524,Nord,Premium
4732,Isole,Corporate
2183,Nord,Corporate
1943,Sud,Premium
3398,Nord,Retail
2178,Nord,Retail
261,Isole,Premium
1,Nord,Corporate
2630,Sud,Corporate
1510,Isole,Corporate
1292,Sud,Corporate
2986,Sud,Retail
2060,Isole,Corporate
4906,Sud,Corporate
2551,Sud,Premium
1333,Sud,Corporate
2305,Isole,Corporate
121,Nord,Retail
3429,Centro,Premium
3809,Sud,Premium
1182,Isole,Premium
2429,Centro,Premium
1148,Isole,Retail
2944,Centro,Retail
4391,Nord,Premium
4265,Nord,Retail
866,Isole,Corporate
3391,Nord,Retail
3806,Centro,Corporate
474,Centro,Premium
3305,Sud,Premium
1222,Nord,Corporate
2644,Nord,Retail
2464,Isole,Premium
3009,Nord,Retail
678,Centro,Corporate
4511,Nord,Retail
3534,Centro,Premium
4741,Centro,Premium
1141,Isole,Premium
4158,Sud,Corporate
4843,Isole,Corporate
245,Centro,Corporate
1983,Nord,Retail
1677,Nord,Retail
1027,Nord,Premium
1669,Nord,Corporate
4438,Centro,Corporate
1428,Centro,Premium
1868,Nord,Retail
1929,Isole,Premium
4418,Nord,Premium
3769,Nord,Premium
1141,Centro,Corporate
111,Nord,Premium
3590,Isole,Retail
4590,Isole,Retail
4356,Centro,Premium
1274,Sud,Retail
1419,Centro,Corporate
1827,Centro,Corporate
3859,Nord,Retail
4181,Sud,Premium
1231,Sud,Corporate
3544,Nord,Corporate
3268,Sud,Corporate
4708,Sud,Corporate
1758,Isole,Premium
3555,Centro,Retail
3872,Isole,Retail
3264,Centro,Premium
292,Centro,Corporate
3978,Isole,Premium
3406,Nord,Retail
3705,Centro,Premium
2061,Centro,Retail
2262,Isole,Retail
668,Isole,Retail
1739,Nord,Corporate
3496,Centro,Premium
314,Centro,Retail
3777,Centro,Corporate
2960,Nord,Premium
1742,Sud,Retail
3161,Centro,Premium
2276,Centro,Premium
1206,Sud,Premium
3529,Centro,Premium
3761,Sud,Premium
3259,Sud,Retail
1040,Isole,Retail
4340,Isole,Premium
4039,Sud,Premium
2644,Isole,Corporate
2408,Centro,Corporate
4726,Isole,Retail
1408,Sud,Corporate
3527,Isole,Retail
3317,Centro,Corporate
4071,Nord,Premium
4914,Nord,Corporate
69,Isole,Corporate
1398,Nord,Corporate
3085,Isole,Corporate
1689,Centro,Retail
2564,Sud,Corporate
3367,Sud,Retail
2448,Nord,Corporate
2177,Centro,Corporate
1441,Isole,Retail
3107,Centro,Premium
2460,Nord,Corporate
444,Centro,Premium
3649,Isole,Corporate
365,Centro,Premium
4407,Sud,Corporate
261,Isole,Corporate
592,Nord,Corporate
4572,Sud,Premium
254,Nord,Retail
230,Nord,Corporate
2858,Nord,Corporate
2419,Sud,Corporate
2969,Sud,Retail
4479,Nord,Retail
2507,Centro,Corporate
4273,Sud,Retail
847,Sud,Premium
4024,Isole,Premium
4585,Isole,Corporate
4712,Sud,Premium
1861,Centro,Retail
596,Centro,Corporate
3912,Isole,Premium
4670,Sud,Retail
1033,Nord,Premium
1347,Centro,Corporate
3792,Centro,Retail
2696,Nord,Premium
4197,Nord,Retail
2963,Isole,Retail
3119,Nord,Retail
862,Sud,Corporate
2252,Sud,Premium
591,Sud,Premium
4979,Nord,Corporate
4200,Sud,Premium
4118,Centro,Premium
609,Centro,Retail
3409,Sud,Premium
2457,Nord,Retail
1152,Isole,Corporate
2756,Sud,Retail
3501,Centro,Premium
1205,Isole,Corporate
3389,Isole,Premium
1776,Centro,Corporate
2963,Sud,Corporate
423,Sud,Corporate
2894,Sud,Premium
690,Nord,Retail
2956,Isole,Corporate
3052,Nord,Premium
3883,Sud,Premium
2690,Sud,Retail
1651,Isole,Corporate
85,Sud,Corporate
1864,Centro,Corporate
51,Centro,Retail
4182,Sud,Retail
2112,Isole,Retail
4502,Sud,Premium
3775,Sud,Premium
410,Nord,Retail
759,Centro,Premium
1974,Sud,Premium
4280,Nord,Corporate
888,Sud,Corporate
2519,Sud,Premium
3422,Centro,Corporate
4821,Nord,Corporate
3064,Sud,Retail
4115,Nord,Premium
2635,Sud,Premium
4652,Isole,Corporate
782,Isole,Premium
167,Isole,Corporate
2578,Isole,Retail
4025,Sud,Retail
830,Isole,Corporate
2750,Sud,Premium
1202,Isole,Premium
493,Centro,Premium
1561,Nord,Premium
647,Nord,Corporate
2135,Centro,Retail
821,Sud,Corporate
1484,Sud,Premium
3799,Centro,Corporate
2143,Centro,Premium
3955,Nord,Retail
2712,Nord,Corporate
3117,Nord,Premium
684,Isole,Premium
3831,Nord,Corporate
4907,Nord,Premium
4042,Nord,Retail
4320,Sud,Retail
4861,Centro,Retail
27,Centro,Premium
3742,Nord,Retail
1004,Nord,Premium
2780,Nord,Corporate
2321,Nord,Retail
427,Isole,Retail
514,Isole,Retail
54,Nord,Premium
1325,Sud,Retail
1658,Nord,Retail
1564,Isole,Retail
2823,Centro,Retail
2340,Sud,Corporate
4941,Isole,Retail
954,Sud,Corporate
4429,Isole,Premium
1668,Nord,Retail
370,Centro,Retail
16,Centro,Corporate
478,Sud,Retail
4242,Centro,Premium
2845,Isole,Retail
3201,Isole,Retail
2803,Nord,Corporate
804,Nord,Premium
4264,Isole,Retail
2692,Isole,Corporate
2455,Isole,Corporate
3789,Centro,Premium
2514,Sud,Premium
1614,Centro,Retail
2308,Isole,Premium
2570,Nord,Corporate
1297,Isole,Corporate
1692,Isole,Premium
1569,Centro,Premium
2229,Centro,Corporate
3593,Nord,Corporate
1335,Nord,Corporate
1388,Nord,Premium
3202,Nord,Retail
4487,Isole,Retail
2422,Centro,Retail
703,Sud,Premium
206,Isole,Retail
1676,Nord,Premium
1056,Centro,Premium
3506,Centro,Corporate
2637,Sud,Premium
4276,Nord,Premium
1755,Sud,Retail
1148,Isole,Retail
1968,Sud,Retail
1949,Isole,Premium
2089,Sud,Corporate
3571,Sud,Retail
1172,Isole,Corporate
1404,Nord,Retail
161,Centro,Corporate
2551,Isole,Corporate
4701,Nord,Retail
1812,Sud,Premium
2116,Nord,Corporate
3188,Isole,Corporate
4979,Sud,Retail
2848,Sud,Retail
202,Nord,Premium
3663,Isole,Premium
4597,Isole,Premium
872,Sud,Corporate
1526,Centro,Retail
4217,Sud,Retail
733,Centro,Retail
1150,Isole,Corporate
4208,Centro,Retail
3008,Isole,Corporate
428,Nord,Premium
3239,Sud,Corporate
1510,Nord,Retail
1144,Centro,Premium
4246,Nord,Corporate
4710,Sud,Retail
593,Centro,Premium
4174,Sud,Premium
97,Sud,Retail
2834,Nord,Retail
4828,Centro,Retail
4257,Isole,Premium
3712,Isole,Premium
1920,Nord,Premium
2284,Sud,Corporate
3652,Isole,Corporate
2189,Sud,Premium
1316,Isole,Corporate
1514,Sud,Corporate
1240,Centro,Retail
563,Centro,Retail
289,Centro,Premium
4427,Isole,Corporate
122,Isole,Retail
3821,Nord,Corporate
4826,Sud,Retail
2246,Isole,Premium
4433,Isole,Corporate
4510,Centro,Premium
1070,Sud,Retail
4551,Sud,Premium
3006,Nord,Corporate
3122,Isole,Premium
3838,Centro,Corporate
2819,Sud,Retail
2955,Sud,Corporate
815,Sud,Corporate
2069,Nord,Premium
3304,Isole,Retail
4928,Nord,Corporate
2825,Sud,Retail
4934,Centro,Retail
2461,Sud,Corporate
3607,Isole,Premium
3881,Nord,Retail
4944,Isole,Premium
4328,Isole,Retail
4746,Isole,Corporate
3743,Centro,Retail
1291,Sud,Corporate
4999,Sud,Retail
4648,Centro,Corporate
2029,Centro,Premium
2689,Isole,Retail
2680,Isole,Premium
2992,Nord,Retail
2102,Sud,Corporate
1547,Nord,Retail
3688,Nord,Premium
4852,Sud,Retail
1131,Sud,Premium
282,Centro,Corporate
764,Isole,Premium
4129,Nord,Premium
4238,Sud,Retail
3512,Centro,Premium
1559,Centro,Retail
3269,Sud,Retail
1928,Sud,Retail
2574,Centro,Premium
3159,Isole,Premium
1771,Centro,Retail
4269,Nord,Corporate
2490,Isole,Retail
2056,Sud,Premium
4713,Centro,Corporate
1920,Nord,Corporate
3359,Sud,Premium
2093,Sud,Corporate
2727,Sud,Premium
4832,Sud,Retail
1688,Centro,Retail
1394,Nord,Retail
1008,Centro,Premium
1362,Nord,Corporate
3390,Nord,Retail
142,Centro,Retail
2881,Nord,Retail
3884,Centro,Retail
2673,Sud,Corporate
3613,Nord,Retail
4680,Centro,Retail
2247,Nord,Corporate
1021,Nord,Corporate
4004,Centro,Retail
1697,Centro,Premium
3903,Centro,Premium
3883,Centro,Corporate
1083,Isole,Retail
3186,Sud,Corporate
1816,Sud,Corporate
246,Isole,Corporate
820,Centro,Premium
2708,Sud,Premium
1073,Nord,Retail
2543,Sud,Corporate
3261,Nord,Retail
1045,Centro,Premium
2885,Centro,Premium
2128,Nord,Corporate
1532,Sud,Retail
1036,Nord,Premium
3470,Nord,Retail
4963,Nord,Premium
656,Centro,Retail
3272,Centro,Retail
2625,Nord,Corporate
1239,Nord,Corporate
388,Isole,Retail
652,Sud,Corporate
2775,Sud,Retail
2471,Centro,Retail
4327,Centro,Retail
4856,Isole,Corporate
4582,Isole,Corporate
2777,Isole,Corporate
1598,Centro,Retail
2390,Nord,Retail
381,Centro,Corporate
4291,Nord,Premium
2217,Centro,Retail
4447,Sud,Corporate
3995,Nord,Corporate
1571,Nord,Premium
3746,Isole,Corporate
4956,Isole,Corporate
399,Centro,Premium
3352,Nord,Premium
1268,Sud,Retail
282,Sud,Premium
750,Centro,Corporate
1730,Isole,Corporate
35,Sud,Corporate
858,Centro,Corporate
4863,Centro,Retail
912,Nord,Corporate
391,Nord,Retail
794,Isole,Retail
3626,Centro,Corporate
2865,Sud,Corporate
4309,Centro,Premium
2942,Isole,Premium
2819,Nord,Premium
1521,Isole,Corporate
506,Isole,Corporate
3006,Nord,Retail
4628,Centro,Corporate
3947,Isole,Retail
1332,Nord,Corporate
1855,Centro,Corporate
2040,Isole,Premium
757,Nord,Corporate
2774,Sud,Retail
2689,Centro,Corporate
4546,Nord,Corporate
4462,Sud,Retail
4737,Centro,Corporate
414,Centro,Retail
2009,Isole,Premium
3824,Nord,Retail
4496,Nord,Corporate
4470,Nord,Premium
2501,Nord,Premium
2445,Nord,Corporate
1390,Sud,Retail
3310,Isole,Retail
4752,Nord,Premium
3446,Isole,Premium
1705,Nord,Retail
4359,Centro,Retail
1478,Sud,Premium
711,Sud,Corporate
1794,Sud,Premium
2030,Centro,Retail
4620,Sud,Retail
2314,Nord,Premium
582,Isole,Retail
4584,Isole,Retail
1298,Centro,Corporate
879,Centro,Premium
1144,Isole,Premium
1106,Centro,Retail
2262,Sud,Retail
2397,Isole,Retail
1020,Nord,Corporate
967,Centro,Corporate
4140,Sud,Retail
3308,Sud,Retail
1264,Sud,Retail
2343,Centro,Retail
4897,Sud,Corporate
3243,Sud,Corporate
4120,Centro,Corporate
4745,Nord,Retail
4867,Nord,Corporate
3727,Centro,Corporate
3604,Sud,Corporate
3096,Isole,Corporate
929,Isole,Premium
694,Sud,Premium
4593,Centro,Corporate
629,Nord,Corporate
3078,Sud,Premium
3043,Sud,Retail
440,Nord,Retail
1218,Nord,Premium
74,Sud,Retail
1635,Isole,Premium
1091,Nord,Retail
344,Centro,Corporate
4691,Isole,Premium
134,Sud,Premium
45,Sud,Retail
290,Isole,Corporate
3327,Isole,Corporate
2467,Centro,Retail
4036,Nord,Retail
4442,Nord,Premium
3589,Isole,Corporate
1436,Isole,Retail
2996,Nord,Retail
4178,Isole,Premium
3498,Isole,Corporate
1651,Sud,Retail
950,Isole,Premium
650,Isole,Premium
2513,Centro,Corporate
885,Isole,Premium
1922,Centro,Corporate
4143,Nord,Corporate
2261,Sud,Retail
174,Centro,Corporate
4163,Sud,Premium
1160,Isole,Retail
3664,Centro,Retail
2751,Isole,Premium
2036,Sud,Retail
4449,Nord,Premium
416,Isole,Retail
1186,Sud,Corporate
335,Sud,Premium
4406,Isole,Corporate
1251,Centro,Corporate
2073,Sud,Corporate
2840,Centro,Retail
1941,Nord,Corporate
4032,Isole,Premium
911,Nord,Corporate
4888,Sud,Corporate
2046,Sud,Retail
286,Nord,Premium
1328,Sud,Corporate
3912,Isole,Premium
2621,Sud,Retail
2138,Sud,Corporate
3000,Isole,Premium
2673,Isole,Premium
3826,Nord,Corporate
785,Isole,Corporate
1326,Centro,Retail
4006,Centro,Premium
1591,Centro,Corporate
831,Centro,Premium
311,Sud,Corporate
4467,Isole,Retail
3478,Centro,Premium
4363,Centro,Retail
3463,Sud,Corporate
176,Nord,Corporate
2040,Nord,Premium
3946,Nord,Retail
901,Centro,Retail
2625,Isole,Premium
904,Isole,Retail
4696,Nord,Premium
657,Nord,Corporate
1699,Nord,Retail
881,Isole,Retail
1864,Isole,Retail
3802,Nord,Corporate
2449,Isole,Corporate
3686,Centro,Premium
3137,Isole,Premium
4429,Nord,Retail
90,Sud,Retail
2219,Centro,Retail
839,Nord,Corporate
3952,Sud,Corporate
1459,Centro,Corporate
767,Centro,Premium
4255,Isole,Retail
4922,Sud,Premium
1276,Sud,Premium
1013,Isole,Premium
2776,Sud,Premium
1352,Nord,Retail
4852,Sud,Retail
654,Centro,Corporate
3735,Centro,Premium
3038,Centro,Premium
1494,Sud,Corporate
2097,Centro,Retail
203,Nord,Retail
4484,Nord,Retail
3576,Centro,Premium
1500,Isole,Premium
3400,Isole,Corporate
4297,Isole,Corporate
2004,Centro,Premium
4025,Sud,Premium
2983,Isole,Premium
1405,Centro,Retail
1398,Nord,Corporate
2325,Nord,Retail
1593,Centro,Corporate
4725,Centro,Retail
2457,Sud,Retail
4033,Sud,Premium
953,Sud,Premium
1181,Nord,Corporate
3535,Centro,Retail
1585,Sud,Corporate
552,Centro,Corporate
4502,Isole,Retail
4776,Nord,Premium
117,Isole,Premium
2205,Isole,Premium
2830,Centro,Premium
18,Isole,Corporate
4379,Nord,Premium
4590,Sud,Premium
3602,Isole,Premium
991,Sud,Retail
4701,Nord,Corporate
3323,Centro,Premium
1906,Isole,Retail
